,PIT,,2003,2004,2007,2008,2009 Winter,2009 Summer,2010 Winter,2010 Summer,2011 Winter,2011 Summer,2012 Winter,2012 Summer,2013 Winter,2013 Summer,2014 Winter,2014 Summer,,Teeth 1 ,Teeth 2,Teeth 3,,Male,Female,,Summer,Winter,,Weight,
/*,10633380,*/,0,0,0,0,0,0,0,0,0,0,0,0,0,0,0,1,,1,0,0,,0,1,,1,0,,390,;
/*,10634636,*/,0,0,0,0,0,0,0,0,0,0,0,0,0,0,0,1,,0,1,0,,1,0,,1,0,,720,;
/*,10634636,*/,0,0,0,0,0,0,0,0,0,0,0,0,0,0,0,1,,0,1,0,,1,0,,1,0,,NA,;
/*,10634636,*/,0,0,0,0,0,0,0,0,0,0,0,0,0,0,0,0,,1,0,0,,1,0,,0,1,,640,;
/*,10634790,*/,0,0,0,0,0,0,0,0,0,0,0,0,0,0,0,1,,0,0,1,,0,1,,1,0,,450,;
/*,10637348,*/,0,0,0,0,0,0,0,0,0,0,0,0,0,0,0,1,,0,1,0,,1,0,,1,0,,640,;
/*,10637348,*/,0,0,0,0,0,0,0,0,0,0,0,0,0,0,0,1,,0,1,0,,1,0,,1,0,,NA,;
/*,10637348,*/,0,0,0,0,0,0,0,0,0,0,0,0,0,0,0,0,,1,0,0,,1,0,,0,1,,540,;
/*,10637348,*/,0,0,0,0,0,0,0,0,0,0,0,0,0,0,0,0,,1,0,0,,1,0,,0,1,,540,;
/*,10637537,*/,0,0,0,0,0,0,0,0,0,0,0,0,0,0,0,1,,1,0,0,,0,1,,1,0,,420,;
/*,10768550,*/,0,0,0,0,0,0,0,0,0,0,0,0,0,0,0,1,,1,0,0,,1,0,,1,0,,500,;
/*,10768809,*/,0,0,0,0,0,0,0,0,0,0,0,0,0,1,0,0,,0,0,1,,0,1,,1,0,,460,;
/*,10769833,*/,0,0,0,0,0,0,0,0,0,0,0,0,0,0,0,1,,1,0,0,,1,0,,1,0,,NA,;
/*,10769833,*/,0,0,0,0,0,0,0,0,0,0,0,0,0,0,0,0,,1,0,0,,1,0,,0,1,,690,;
/*,10769833,*/,0,0,0,0,0,0,0,0,0,0,0,0,0,0,0,0,,1,0,0,,1,0,,0,1,,560,;
/*,10769833,*/,0,0,0,0,0,0,0,0,0,0,0,0,0,0,0,0,,1,0,0,,1,0,,0,1,,690,;
/*,10769833,*/,0,0,0,0,0,0,0,0,0,0,0,0,0,0,0,0,,1,0,0,,1,0,,0,1,,650,;
/*,10774361,*/,0,0,0,0,0,0,0,0,0,0,0,0,0,1,0,0,,1,0,0,,1,0,,1,0,,620,;
/*,10774361,*/,0,0,0,0,0,0,0,0,0,0,0,0,0,1,0,0,,1,0,0,,1,0,,1,0,,520,;
/*,10774870,*/,0,0,0,0,0,0,0,0,0,0,0,0,0,0,0,0,,0,1,0,,1,0,,0,1,,560,;
/*,10774870,*/,0,0,0,0,0,0,0,0,0,0,0,0,0,0,0,0,,0,1,0,,1,0,,0,1,,540,;
/*,10776013,*/,0,0,0,0,0,0,0,0,0,0,0,0,0,0,0,1,,1,0,0,,0,1,,1,0,,360,;
/*,10779782,*/,0,0,0,0,0,0,0,0,0,0,0,0,0,1,0,0,,0,1,0,,1,0,,1,0,,580,;
/*,10780622,*/,0,0,0,0,0,0,0,0,0,0,0,0,1,0,0,0,,0,1,0,,0,1,,0,1,,400,;
/*,10780622,*/,0,0,0,0,0,0,0,0,0,0,0,0,0,0,0,1,,0,1,0,,0,1,,1,0,,NA,;
/*,10781865,*/,0,0,0,0,0,0,0,0,0,0,0,0,0,0,0,1,,1,0,0,,0,1,,1,0,,290,;
/*,10782031,*/,0,0,0,0,0,0,0,0,0,0,0,0,0,0,0,1,,0,0,1,,0,1,,1,0,,390,;
/*,10783593,*/,0,0,0,0,0,0,0,0,0,0,0,0,0,1,0,0,,1,0,0,,1,0,,1,0,,620,;
/*,10783593,*/,0,0,0,0,0,0,0,0,0,0,0,0,0,1,0,0,,1,0,0,,1,0,,1,0,,620,;
/*,10784302,*/,0,0,0,0,0,0,0,0,0,0,0,0,1,0,0,0,,1,0,0,,1,0,,0,1,,580,;
/*,10784321,*/,0,0,0,0,0,0,0,0,0,0,0,0,0,0,0,1,,0,0,1,,0,1,,1,0,,440,;
/*,10785601,*/,0,0,0,0,0,0,0,0,0,0,0,0,0,0,0,1,,1,0,0,,1,0,,1,0,,580,;
/*,10785637,*/,0,0,0,0,0,0,0,0,0,0,0,0,0,0,0,1,,1,0,0,,0,1,,1,0,,380,;
/*,10785637,*/,0,0,0,0,0,0,0,0,0,0,0,0,0,0,0,1,,1,0,0,,0,1,,1,0,,320,;
/*,10785637,*/,0,0,0,0,0,0,0,0,0,0,0,0,0,0,0,1,,1,0,0,,0,1,,1,0,,NA,;
/*,10786604,*/,0,0,0,0,0,0,0,0,0,0,0,0,1,0,0,0,,1,0,0,,1,0,,0,1,,860,;
/*,10787021,*/,0,0,0,0,0,0,0,0,0,0,0,0,0,0,0,1,,1,0,0,,1,0,,1,0,,490,;
/*,10787305,*/,0,0,0,0,0,0,0,0,0,0,0,0,0,0,0,1,,1,0,0,,0,1,,1,0,,370,;
/*,10789344,*/,0,0,0,0,0,0,0,0,0,0,0,0,0,0,0,1,,0,0,1,,0,1,,1,0,,420,;
/*,10790261,*/,0,0,0,0,0,0,0,0,0,0,0,0,0,0,0,0,,1,0,0,,1,0,,0,1,,420,;
/*,10790347,*/,0,0,0,0,0,0,0,0,0,0,0,0,0,0,0,1,,0,0,1,,0,1,,1,0,,460,;
/*,10791093,*/,0,0,0,0,0,0,0,0,0,0,0,0,0,1,0,0,,1,0,0,,1,0,,1,0,,670,;
/*,10791093,*/,0,0,0,0,0,0,0,0,0,0,0,0,0,1,0,0,,1,0,0,,1,0,,1,0,,620,;
/*,10791093,*/,0,0,0,0,0,0,0,0,0,0,0,0,0,1,0,0,,1,0,0,,1,0,,1,0,,530,;
/*,10791294,*/,0,0,0,0,0,0,0,0,0,0,0,0,0,0,0,1,,1,0,0,,1,0,,1,0,,300,;
/*,10791294,*/,0,0,0,0,0,0,0,0,0,0,0,0,0,0,0,1,,1,0,0,,1,0,,1,0,,320,;
/*,10791294,*/,0,0,0,0,0,0,0,0,0,0,0,0,0,0,0,1,,1,0,0,,1,0,,1,0,,350,;
/*,10792014,*/,0,0,0,0,0,0,0,0,0,0,0,0,0,0,0,1,,1,0,0,,0,1,,1,0,,280,;
/*,10792321,*/,0,0,0,0,0,0,0,0,0,0,0,0,0,0,0,1,,0,0,0,,1,0,,1,0,,240,;
/*,10792321,*/,0,0,0,0,0,0,0,0,0,0,0,0,0,0,0,1,,0,0,0,,1,0,,1,0,,NA,;
/*,10795285,*/,0,0,0,0,0,0,0,0,0,0,0,0,0,0,0,1,,0,0,1,,0,1,,1,0,,300,;
/*,10796862,*/,0,0,0,0,0,0,0,0,0,0,0,0,0,0,0,1,,1,0,0,,0,1,,1,0,,480,;
/*,10797289,*/,0,0,0,0,0,0,0,0,0,0,0,0,0,0,0,1,,1,0,0,,0,1,,1,0,,480,;
/*,10798798,*/,0,0,0,0,0,0,0,0,0,0,0,0,0,0,0,1,,0,0,1,,1,0,,1,0,,600,;
/*,10798798,*/,0,0,0,0,0,0,0,0,0,0,0,0,0,0,0,0,,0,0,1,,1,0,,0,1,,580,;
/*,10799826,*/,0,0,0,0,0,0,0,0,0,0,0,0,0,0,0,0,,1,0,0,,1,0,,0,1,,400,;
/*,10801016,*/,0,0,0,0,0,0,0,0,0,0,0,0,0,0,0,0,,1,0,0,,1,0,,0,1,,380,;
/*,10802058,*/,0,0,0,0,0,0,0,0,0,0,0,0,0,0,0,1,,0,1,0,,0,1,,1,0,,450,;
/*,10803535,*/,0,0,0,0,0,0,0,0,0,0,0,0,0,0,0,1,,0,1,0,,0,1,,1,0,,440,;
/*,10807354,*/,0,0,0,0,0,0,0,0,0,0,0,0,0,0,0,1,,0,0,0,,0,1,,1,0,,180,;
/*,10807354,*/,0,0,0,0,0,0,0,0,0,0,0,0,0,0,0,1,,0,0,0,,0,1,,1,0,,180,;
/*,10807610,*/,0,0,0,0,0,0,0,0,0,0,0,0,0,0,0,1,,1,0,0,,1,0,,1,0,,660,;
/*,10809025,*/,0,0,0,0,0,0,0,0,0,0,0,0,0,1,0,0,,1,0,0,,1,0,,1,0,,770,;
/*,10810852,*/,0,0,0,0,0,0,0,0,0,0,0,0,0,0,0,1,,1,0,0,,0,1,,1,0,,NA,;
/*,10810852,*/,0,0,0,0,0,0,0,0,0,0,0,0,0,0,0,0,,1,0,0,,0,1,,0,1,,380,;
/*,10810852,*/,0,0,0,0,0,0,0,0,0,0,0,0,0,0,0,0,,1,0,0,,0,1,,0,1,,320,;
/*,10812102,*/,0,0,0,0,0,0,0,0,0,0,0,0,0,0,0,1,,1,0,0,,1,0,,1,0,,520,;
/*,10814633,*/,0,0,0,0,0,0,0,0,0,0,0,0,0,1,0,0,,0,0,1,,0,1,,1,0,,440,;
/*,10819004,*/,0,0,0,0,0,0,0,0,0,0,0,0,1,0,0,0,,1,0,0,,1,0,,0,1,,620,;
/*,10819004,*/,0,0,0,0,0,0,0,0,0,0,0,0,1,0,0,0,,1,0,0,,1,0,,0,1,,NA,;
/*,10819004,*/,0,0,0,0,0,0,0,0,0,0,0,0,0,0,0,1,,0,1,0,,1,0,,1,0,,820,;
/*,10819004,*/,0,0,0,0,0,0,0,0,0,0,0,0,0,0,0,0,,0,1,0,,1,0,,0,1,,730,;
/*,10819004,*/,0,0,0,0,0,0,0,0,0,0,0,0,0,0,0,0,,0,1,0,,1,0,,0,1,,700,;
/*,10819335,*/,0,0,0,0,0,0,0,0,0,0,0,0,1,0,0,0,,0,1,0,,1,0,,0,1,,400,;
/*,10819335,*/,0,0,0,0,0,0,0,0,0,0,0,0,0,0,0,0,,0,1,0,,1,0,,0,1,,660,;
/*,10819335,*/,0,0,0,0,0,0,0,0,0,0,0,0,0,0,0,0,,0,1,0,,1,0,,0,1,,640,;
/*,10821087,*/,0,0,0,0,0,0,0,0,0,0,0,0,1,0,0,0,,0,1,0,,1,0,,0,1,,750,;
/*,10821786,*/,0,0,0,0,0,0,0,0,0,0,0,0,0,0,0,1,,1,0,0,,1,0,,1,0,,550,;
/*,10823271,*/,0,0,0,0,0,0,0,0,0,0,0,0,0,0,0,1,,1,0,0,,0,1,,1,0,,460,;
/*,10823271,*/,0,0,0,0,0,0,0,0,0,0,0,0,0,0,0,1,,1,0,0,,0,1,,1,0,,400,;
/*,10823271,*/,0,0,0,0,0,0,0,0,0,0,0,0,0,0,0,1,,1,0,0,,0,1,,1,0,,390,;
/*,10823271,*/,0,0,0,0,0,0,0,0,0,0,0,0,0,0,0,0,,1,0,0,,0,1,,0,1,,330,;
/*,10825334,*/,0,0,0,0,0,0,0,0,0,0,0,0,0,0,0,1,,1,0,0,,0,1,,1,0,,520,;
/*,10826116,*/,0,0,0,0,0,0,0,0,0,0,0,0,0,0,0,1,,0,1,0,,1,0,,1,0,,700,;
/*,10826116,*/,0,0,0,0,0,0,0,0,0,0,0,0,0,0,0,0,,1,0,0,,1,0,,0,1,,580,;
/*,10826116,*/,0,0,0,0,0,0,0,0,0,0,0,0,0,0,0,0,,1,0,0,,1,0,,0,1,,600,;
/*,10826771,*/,0,0,0,0,0,0,0,0,0,0,0,0,0,0,0,1,,1,0,0,,1,0,,1,0,,720,;
/*,10830770,*/,0,0,0,0,0,0,0,0,0,0,0,0,0,0,0,0,,1,0,0,,1,0,,0,1,,660,;
/*,10830770,*/,0,0,0,0,0,0,0,0,0,0,0,0,0,0,0,0,,1,0,0,,1,0,,0,1,,680,;
/*,10830770,*/,0,0,0,0,0,0,0,0,0,0,0,0,0,0,0,0,,1,0,0,,1,0,,0,1,,620,;
/*,10830770,*/,0,0,0,0,0,0,0,0,0,0,0,0,0,0,0,0,,0,1,0,,1,0,,0,1,,600,;
/*,10830883,*/,0,0,0,0,0,0,0,0,0,0,0,0,0,1,0,0,,0,1,0,,0,1,,1,0,,330,;
/*,10833631,*/,0,0,0,0,0,0,0,0,0,0,0,0,1,0,0,0,,1,0,0,,1,0,,0,1,,500,;
/*,10833631,*/,0,0,0,0,0,0,0,0,0,0,0,0,0,0,0,1,,0,1,0,,1,0,,1,0,,800,;
/*,10833631,*/,0,0,0,0,0,0,0,0,0,0,0,0,0,0,0,0,,0,1,0,,1,0,,0,1,,800,;
/*,10833631,*/,0,0,0,0,0,0,0,0,0,0,0,0,0,0,0,0,,1,0,0,,1,0,,0,1,,710,;
/*,10833631,*/,0,0,0,0,0,0,0,0,0,0,0,0,0,0,0,0,,1,0,0,,1,0,,0,1,,660,;
/*,10835368,*/,0,0,0,0,0,0,0,0,0,0,0,0,0,0,0,1,,1,0,0,,1,0,,1,0,,640,;
/*,10835368,*/,0,0,0,0,0,0,0,0,0,0,0,0,0,0,0,1,,1,0,0,,1,0,,1,0,,570,;
/*,10835840,*/,0,0,0,0,0,0,0,0,0,0,0,0,0,0,0,1,,1,0,0,,1,0,,1,0,,540,;
/*,10835840,*/,0,0,0,0,0,0,0,0,0,0,0,0,0,0,0,0,,1,0,0,,1,0,,0,1,,480,;
/*,10836524,*/,0,0,0,0,0,0,0,0,0,0,0,0,0,0,0,1,,1,0,0,,1,0,,1,0,,580,;
/*,10836856,*/,0,0,0,0,0,0,0,0,0,0,0,0,0,0,0,1,,0,0,1,,0,1,,1,0,,440,;
/*,10838270,*/,0,0,0,0,0,0,0,0,0,0,0,0,0,1,0,0,,0,0,0,,1,0,,1,0,,220,;
/*,10838816,*/,0,0,0,0,0,0,0,0,0,0,0,0,0,0,0,1,,1,0,0,,1,0,,1,0,,760,;
/*,10838816,*/,0,0,0,0,0,0,0,0,0,0,0,0,0,0,0,1,,0,1,0,,1,0,,1,0,,NA,;
/*,10838816,*/,0,0,0,0,0,0,0,0,0,0,0,0,0,0,0,0,,1,0,0,,1,0,,0,1,,740,;
/*,10838816,*/,0,0,0,0,0,0,0,0,0,0,0,0,0,0,0,0,,1,0,0,,1,0,,0,1,,650,;
/*,10840816,*/,0,0,0,0,0,0,0,0,0,0,0,0,0,0,0,0,,1,0,0,,0,1,,0,1,,340,;
/*,10841036,*/,0,0,0,0,0,0,0,0,0,0,0,0,0,0,0,1,,1,0,0,,0,1,,1,0,,390,;
/*,10841036,*/,0,0,0,0,0,0,0,0,0,0,0,0,0,0,0,1,,1,0,0,,0,1,,1,0,,NA,;
/*,10842082,*/,0,0,0,0,0,0,0,0,0,0,0,0,0,0,0,1,,1,0,0,,1,0,,1,0,,NA,;
/*,10842082,*/,0,0,0,0,0,0,0,0,0,0,0,0,0,0,0,0,,1,0,0,,1,0,,0,1,,750,;
/*,10842082,*/,0,0,0,0,0,0,0,0,0,0,0,0,0,0,0,0,,1,0,0,,1,0,,0,1,,640,;
/*,10844624,*/,0,0,0,0,0,0,0,0,0,0,0,0,0,0,0,1,,1,0,0,,0,1,,1,0,,390,;
/*,10845327,*/,0,0,0,0,0,0,0,0,0,0,0,0,0,0,0,0,,1,0,0,,1,0,,0,1,,760,;
/*,10845327,*/,0,0,0,0,0,0,0,0,0,0,0,0,0,0,0,0,,1,0,0,,1,0,,0,1,,680,;
/*,10845366,*/,0,0,0,0,0,0,0,0,0,0,0,0,0,1,0,0,,1,0,0,,1,0,,1,0,,730,;
/*,10850813,*/,0,0,0,0,0,0,0,0,0,0,0,0,0,1,0,0,,0,0,0,,1,0,,1,0,,500,;
/*,10850813,*/,0,0,0,0,0,0,0,0,0,0,0,0,1,0,0,0,,1,0,0,,1,0,,0,1,,440,;
/*,10850813,*/,0,0,0,0,0,0,0,0,0,0,0,0,1,0,0,0,,1,0,0,,1,0,,0,1,,NA,;
/*,10850813,*/,0,0,0,0,0,0,0,0,0,0,0,0,1,0,0,0,,1,0,0,,1,0,,0,1,,NA,;
/*,10851793,*/,0,0,0,0,0,0,0,0,0,0,0,0,0,0,0,1,,1,0,0,,1,0,,1,0,,750,;
/*,10853032,*/,0,0,0,0,0,0,0,0,0,0,0,0,0,0,0,1,,1,0,0,,0,1,,1,0,,380,;
/*,10853275,*/,0,0,0,0,0,0,0,0,0,0,0,0,1,0,0,0,,1,0,0,,1,0,,0,1,,620,;
/*,10853275,*/,0,0,0,0,0,0,0,0,0,0,0,0,0,0,0,1,,1,0,0,,1,0,,1,0,,660,;
/*,10854042,*/,0,0,0,0,0,0,0,0,0,0,0,0,0,1,0,0,,0,1,0,,1,0,,1,0,,640,;
/*,10854042,*/,0,0,0,0,0,0,0,0,0,0,0,0,1,0,0,0,,1,0,0,,1,0,,0,1,,690,;
/*,10854042,*/,0,0,0,0,0,0,0,0,0,0,0,0,0,0,0,1,,0,1,0,,1,0,,1,0,,NA,;
/*,10855636,*/,0,0,0,0,0,0,0,0,0,0,0,0,0,0,0,1,,1,0,0,,0,1,,1,0,,440,;
/*,10856575,*/,0,0,0,0,0,0,0,0,0,0,0,0,1,0,0,0,,0,0,1,,0,1,,0,1,,500,;
/*,10858099,*/,0,0,0,0,0,0,0,0,0,0,0,0,0,0,0,0,,0,1,0,,1,0,,0,1,,600,;
/*,10859047,*/,0,0,0,0,0,0,0,0,0,0,0,0,0,0,0,1,,0,1,0,,0,1,,1,0,,470,;
/*,10859079,*/,0,0,0,0,0,0,0,0,0,0,0,0,0,0,0,1,,1,0,0,,1,0,,1,0,,600,;
/*,10860307,*/,0,0,0,0,0,0,0,0,0,0,0,0,1,0,0,0,,0,1,0,,0,1,,0,1,,390,;
/*,10861515,*/,0,0,0,0,0,0,0,0,0,0,0,0,0,0,0,1,,1,0,0,,1,0,,1,0,,520,;
/*,10861515,*/,0,0,0,0,0,0,0,0,0,0,0,0,0,0,0,1,,1,0,0,,1,0,,1,0,,380,;
/*,10861515,*/,0,0,0,0,0,0,0,0,0,0,0,0,0,0,0,0,,1,0,0,,1,0,,0,1,,500,;
/*,10863768,*/,0,0,0,0,0,0,0,0,0,0,0,0,0,0,0,1,,1,0,0,,1,0,,1,0,,420,;
/*,23541800,*/,1,0,0,0,0,0,0,0,0,0,0,0,0,0,0,0,,1,0,0,,1,0,,1,0,,540,;
/*,23541800,*/,1,0,0,0,0,0,0,0,0,0,0,0,0,0,0,0,,1,0,0,,1,0,,1,0,,483.216867,;
/*,23570809,*/,1,0,0,0,0,0,0,0,0,0,0,0,0,0,0,0,,0,0,1,,0,1,,1,0,,360,;
/*,23570809,*/,1,0,0,0,0,0,0,0,0,0,0,0,0,0,0,0,,1,0,0,,0,1,,1,0,,488.504539,;
/*,23768324,*/,1,0,0,0,0,0,0,0,0,0,0,0,0,0,0,0,,0,1,0,,1,0,,1,0,,780,;
/*,23768324,*/,1,0,0,0,0,0,0,0,0,0,0,0,0,0,0,0,,1,0,0,,1,0,,1,0,,482.555908,;
/*,23782805,*/,1,0,0,0,0,0,0,0,0,0,0,0,0,0,0,0,,1,0,0,,1,0,,1,0,,580,;
/*,23782805,*/,1,0,0,0,0,0,0,0,0,0,0,0,0,0,0,0,,1,0,0,,1,0,,1,0,,480.573032,;
/*,23783893,*/,1,0,0,0,0,0,0,0,0,0,0,0,0,0,0,0,,0,1,0,,0,1,,1,0,,440,;
/*,23783893,*/,1,0,0,0,0,0,0,0,0,0,0,0,0,0,0,0,,1,0,0,,0,1,,1,0,,487.84358,;
/*,23801321,*/,1,0,0,0,0,0,0,0,0,0,0,0,0,0,0,0,,1,0,0,,1,0,,1,0,,640,;
/*,23801321,*/,1,0,0,0,0,0,0,0,0,0,0,0,0,0,0,0,,1,0,0,,1,0,,1,0,,487.182621,;
/*,23836992,*/,1,0,0,0,0,0,0,0,0,0,0,0,0,0,0,0,,1,0,0,,1,0,,1,0,,600,;
/*,23836992,*/,1,0,0,0,0,0,0,0,0,0,0,0,0,0,0,0,,1,0,0,,1,0,,1,0,,481.894949,;
/*,24017306,*/,1,0,0,0,0,0,0,0,0,0,0,0,0,0,0,0,,1,0,0,,1,0,,1,0,,660,;
/*,24017306,*/,1,0,0,0,0,0,0,0,0,0,0,0,0,0,0,0,,1,0,0,,1,0,,1,0,,486.521662,;
/*,24027823,*/,1,0,0,0,0,0,0,0,0,0,0,0,0,0,0,0,,1,0,0,,1,0,,1,0,,640,;
/*,24027823,*/,1,0,0,0,0,0,0,0,0,0,0,0,0,0,0,0,,1,0,0,,1,0,,1,0,,485.860703,;
/*,24027823,*/,1,0,0,0,0,0,0,0,0,0,0,0,0,0,0,0,,1,0,0,,1,0,,1,0,,640,;
/*,24027823,*/,1,0,0,0,0,0,0,0,0,0,0,0,0,0,0,0,,1,0,0,,1,0,,1,0,,485.199744,;
/*,24052574,*/,1,0,0,0,0,0,0,0,0,0,0,0,0,0,0,0,,1,0,0,,1,0,,1,0,,720,;
/*,24052574,*/,1,0,0,0,0,0,0,0,0,0,0,0,0,0,0,0,,1,0,0,,1,0,,1,0,,479.912073,;
/*,24054026,*/,1,0,0,0,0,0,0,0,0,0,0,0,0,0,0,0,,1,0,0,,1,0,,1,0,,560,;
/*,24054026,*/,1,0,0,0,0,0,0,0,0,0,0,0,0,0,0,0,,1,0,0,,1,0,,1,0,,481.23399,;
/*,24081077,*/,1,0,0,0,0,0,0,0,0,0,0,0,0,0,0,0,,1,0,0,,1,0,,1,0,,720,;
/*,24081077,*/,1,0,0,0,0,0,0,0,0,0,0,0,0,0,0,0,,1,0,0,,1,0,,1,0,,479.251114,;
/*,24122636,*/,0,0,0,0,0,1,0,0,0,0,0,0,0,0,0,0,,1,0,0,,1,0,,1,0,,350,;
/*,24123547,*/,0,0,0,0,0,1,0,0,0,0,0,0,0,0,0,0,,1,0,0,,1,0,,1,0,,550,;
/*,24123547,*/,0,0,0,0,0,1,0,0,0,0,0,0,0,0,0,0,,1,0,0,,1,0,,1,0,,650,;
/*,24123547,*/,0,0,0,0,1,0,0,0,0,0,0,0,0,0,0,0,,1,0,0,,1,0,,0,1,,400,;
/*,24124033,*/,0,0,0,0,0,1,0,0,0,0,0,0,0,0,0,0,,0,1,0,,0,1,,1,0,,520,;
/*,24124033,*/,0,0,0,0,0,1,0,0,0,0,0,0,0,0,0,0,,0,1,0,,0,1,,1,0,,460,;
/*,24124033,*/,0,0,0,0,1,0,0,0,0,0,0,0,0,0,0,0,,0,1,0,,0,1,,0,1,,550,;
/*,24124320,*/,0,0,0,0,0,1,0,0,0,0,0,0,0,0,0,0,,0,0,0,,0,1,,1,0,,330,;
/*,24126352,*/,0,0,0,0,0,1,0,0,0,0,0,0,0,0,0,0,,0,0,0,,0,1,,1,0,,280,;
/*,24126352,*/,0,0,0,0,0,0,0,0,0,0,0,1,0,0,0,0,,0,1,0,,0,1,,1,0,,430,;
/*,24127636,*/,0,0,0,0,0,1,0,0,0,0,0,0,0,0,0,0,,0,0,0,,0,1,,1,0,,280,;
/*,24127870,*/,0,0,0,0,0,1,0,0,0,0,0,0,0,0,0,0,,0,0,0,,0,1,,1,0,,290,;
/*,24257352,*/,0,0,0,0,1,0,0,0,0,0,0,0,0,0,0,0,,1,0,0,,1,0,,0,1,,530,;
/*,24257352,*/,0,0,0,0,1,0,0,0,0,0,0,0,0,0,0,0,,1,0,0,,1,0,,0,1,,550,;
/*,24257848,*/,0,0,0,0,0,1,0,0,0,0,0,0,0,0,0,0,,1,0,0,,1,0,,1,0,,750,;
/*,24257848,*/,0,0,0,0,0,1,0,0,0,0,0,0,0,0,0,0,,1,0,0,,1,0,,1,0,,680,;
/*,24257848,*/,0,0,0,0,0,1,0,0,0,0,0,0,0,0,0,0,,0,1,0,,1,0,,1,0,,770,;
/*,24257848,*/,0,0,0,0,1,0,0,0,0,0,0,0,0,0,0,0,,1,0,0,,1,0,,0,1,,660,;
/*,24257848,*/,0,0,0,0,0,0,0,1,0,0,0,0,0,0,0,0,,0,1,0,,1,0,,1,0,,800,;
/*,24257848,*/,0,0,0,0,0,0,0,0,1,0,0,0,0,0,0,0,,0,1,0,,1,0,,0,1,,820,;
/*,24258515,*/,1,0,0,0,0,0,0,0,0,0,0,0,0,0,0,0,,0,1,0,,0,1,,1,0,,480,;
/*,24258515,*/,1,0,0,0,0,0,0,0,0,0,0,0,0,0,0,0,,1,0,0,,0,1,,1,0,,484.538785,;
/*,24258515,*/,0,1,0,0,0,0,0,0,0,0,0,0,0,0,0,0,,0,1,0,,0,1,,1,0,,380,;
/*,24258515,*/,0,1,0,0,0,0,0,0,0,0,0,0,0,0,0,0,,1,0,0,,0,1,,1,0,,477.268237,;
/*,24261316,*/,0,0,0,0,1,0,0,0,0,0,0,0,0,0,0,0,,1,0,0,,1,0,,0,1,,360,;
/*,24262306,*/,0,0,0,0,0,1,0,0,0,0,0,0,0,0,0,0,,0,1,0,,0,1,,1,0,,430,;
/*,24264370,*/,1,0,0,0,0,0,0,0,0,0,0,0,0,0,0,0,,1,0,0,,1,0,,1,0,,660,;
/*,24264370,*/,1,0,0,0,0,0,0,0,0,0,0,0,0,0,0,0,,1,0,0,,1,0,,1,0,,478.590155,;
/*,24264370,*/,0,1,0,0,0,0,0,0,0,0,0,0,0,0,0,0,,1,0,0,,1,0,,1,0,,780,;
/*,24264370,*/,0,1,0,0,0,0,0,0,0,0,0,0,0,0,0,0,,1,0,0,,1,0,,1,0,,468.67577,;
/*,24265105,*/,0,0,0,0,1,0,0,0,0,0,0,0,0,0,0,0,,1,0,0,,0,1,,0,1,,330,;
/*,24266856,*/,0,0,0,0,1,0,0,0,0,0,0,0,0,0,0,0,,0,1,0,,0,1,,0,1,,550,;
/*,24269347,*/,0,0,0,0,0,1,0,0,0,0,0,0,0,0,0,0,,1,0,0,,0,1,,1,0,,390,;
/*,24271337,*/,1,0,0,0,0,0,0,0,0,0,0,0,0,0,0,0,,1,0,0,,1,0,,1,0,,410,;
/*,24271337,*/,1,0,0,0,0,0,0,0,0,0,0,0,0,0,0,0,,1,0,0,,1,0,,1,0,,477.929196,;
/*,24271337,*/,0,1,0,0,0,0,0,0,0,0,0,0,0,0,0,0,,1,0,0,,0,1,,1,0,,380,;
/*,24271337,*/,0,1,0,0,0,0,0,0,0,0,0,0,0,0,0,0,,1,0,0,,0,1,,1,0,,460.744263,;
/*,24271337,*/,0,1,0,0,0,0,0,0,0,0,0,0,0,0,0,0,,1,0,0,,0,1,,1,0,,390,;
/*,24271337,*/,0,1,0,0,0,0,0,0,0,0,0,0,0,0,0,0,,1,0,0,,0,1,,1,0,,460.083304,;
/*,24271824,*/,0,0,0,0,0,1,0,0,0,0,0,0,0,0,0,0,,0,1,0,,1,0,,1,0,,660,;
/*,24271824,*/,0,0,0,0,0,1,0,0,0,0,0,0,0,0,0,0,,0,1,0,,1,0,,1,0,,750,;
/*,24272784,*/,0,0,0,0,0,1,0,0,0,0,0,0,0,0,0,0,,1,0,0,,0,1,,1,0,,370,;
/*,24272784,*/,0,0,0,0,1,0,0,0,0,0,0,0,0,0,0,0,,1,0,0,,0,1,,0,1,,360,;
/*,24274000,*/,0,0,0,0,0,1,0,0,0,0,0,0,0,0,0,0,,1,0,0,,0,1,,1,0,,500,;
/*,24275554,*/,0,0,0,0,0,1,0,0,0,0,0,0,0,0,0,0,,0,0,1,,1,0,,1,0,,750,;
/*,24275554,*/,0,0,0,0,0,1,0,0,0,0,0,0,0,0,0,0,,0,0,1,,1,0,,1,0,,700,;
/*,24278570,*/,0,0,0,0,0,0,0,1,0,0,0,0,0,0,0,0,,1,0,0,,1,0,,1,0,,800,;
/*,24278570,*/,0,0,0,0,0,0,0,0,0,1,0,0,0,0,0,0,,0,1,0,,1,0,,1,0,,820,;
/*,24279774,*/,0,0,0,0,0,1,0,0,0,0,0,0,0,0,0,0,,1,0,0,,1,0,,1,0,,650,;
/*,24280773,*/,0,0,0,0,0,1,0,0,0,0,0,0,0,0,0,0,,0,1,0,,1,0,,1,0,,650,;
/*,24280773,*/,0,0,0,0,0,1,0,0,0,0,0,0,0,0,0,0,,0,1,0,,1,0,,1,0,,650,;
/*,24280773,*/,0,0,0,0,0,0,0,0,1,0,0,0,0,0,0,0,,0,1,0,,1,0,,0,1,,760,;
/*,24280801,*/,0,0,0,0,0,1,0,0,0,0,0,0,0,0,0,0,,1,0,0,,0,1,,1,0,,470,;
/*,24280869,*/,0,0,0,0,0,1,0,0,0,0,0,0,0,0,0,0,,1,0,0,,0,1,,1,0,,370,;
/*,24280869,*/,0,0,0,0,0,0,0,1,0,0,0,0,0,0,0,0,,1,0,0,,0,1,,1,0,,440,;
/*,24282345,*/,0,0,0,0,0,1,0,0,0,0,0,0,0,0,0,0,,0,1,0,,0,1,,1,0,,430,;
/*,24282345,*/,0,0,0,0,0,1,0,0,0,0,0,0,0,0,0,0,,0,1,0,,0,1,,1,0,,450,;
/*,24283361,*/,0,0,0,0,0,1,0,0,0,0,0,0,0,0,0,0,,1,0,0,,0,1,,1,0,,440,;
/*,24286366,*/,0,0,0,0,0,1,0,0,0,0,0,0,0,0,0,0,,0,0,0,,1,0,,1,0,,360,;
/*,24287301,*/,0,0,0,0,0,1,0,0,0,0,0,0,0,0,0,0,,1,0,0,,0,1,,1,0,,400,;
/*,24288302,*/,0,0,0,0,0,1,0,0,0,0,0,0,0,0,0,0,,0,0,1,,0,1,,1,0,,500,;
/*,24295036,*/,0,0,0,0,0,1,0,0,0,0,0,0,0,0,0,0,,1,0,0,,0,1,,1,0,,460,;
/*,24295036,*/,0,0,0,0,0,1,0,0,0,0,0,0,0,0,0,0,,1,0,0,,0,1,,1,0,,470,;
/*,24295036,*/,0,0,0,0,0,1,0,0,0,0,0,0,0,0,0,0,,1,0,0,,0,1,,1,0,,500,;
/*,24297776,*/,0,0,0,0,0,1,0,0,0,0,0,0,0,0,0,0,,0,0,0,,1,0,,1,0,,360,;
/*,24297776,*/,0,0,0,0,0,1,0,0,0,0,0,0,0,0,0,0,,0,0,0,,1,0,,1,0,,350,;
/*,24298112,*/,0,0,0,0,0,0,0,1,0,0,0,0,0,0,0,0,,0,1,0,,0,1,,1,0,,540,;
/*,24298112,*/,0,0,0,0,0,0,0,1,0,0,0,0,0,0,0,0,,0,1,0,,0,1,,1,0,,0,;
/*,24303088,*/,0,0,0,0,1,0,0,0,0,0,0,0,0,0,0,0,,1,0,0,,1,0,,0,1,,580,;
/*,24303876,*/,0,0,0,0,0,1,0,0,0,0,0,0,0,0,0,0,,0,1,0,,0,1,,1,0,,350,;
/*,24303876,*/,0,0,0,0,0,0,0,0,0,0,0,0,0,0,0,1,,0,0,1,,0,1,,1,0,,330,;
/*,24304347,*/,0,0,0,0,0,1,0,0,0,0,0,0,0,0,0,0,,0,0,0,,0,1,,1,0,,260,;
/*,24304347,*/,0,0,0,0,0,1,0,0,0,0,0,0,0,0,0,0,,0,0,0,,0,1,,1,0,,350,;
/*,24305820,*/,0,0,0,0,1,0,0,0,0,0,0,0,0,0,0,0,,1,0,0,,1,0,,0,1,,620,;
/*,24307837,*/,0,0,0,0,0,1,0,0,0,0,0,0,0,0,0,0,,0,0,0,,1,0,,1,0,,300,;
/*,24310347,*/,0,0,0,0,0,1,0,0,0,0,0,0,0,0,0,0,,0,1,0,,0,1,,1,0,,500,;
/*,24310637,*/,0,0,0,0,0,1,0,0,0,0,0,0,0,0,0,0,,1,0,0,,1,0,,1,0,,550,;
/*,24310637,*/,0,0,0,0,0,0,0,0,0,0,1,0,0,0,0,0,,0,1,0,,1,0,,0,1,,800,;
/*,24311794,*/,0,0,0,0,1,0,0,0,0,0,0,0,0,0,0,0,,0,1,0,,1,0,,0,1,,750,;
/*,24311794,*/,0,0,0,0,1,0,0,0,0,0,0,0,0,0,0,0,,0,1,0,,1,0,,0,1,,750,;
/*,24312123,*/,0,0,0,0,0,1,0,0,0,0,0,0,0,0,0,0,,1,0,0,,0,1,,1,0,,460,;
/*,24312380,*/,0,0,0,0,0,1,0,0,0,0,0,0,0,0,0,0,,0,0,0,,0,1,,1,0,,350,;
/*,24312380,*/,0,0,0,0,0,1,0,0,0,0,0,0,0,0,0,0,,0,0,0,,0,1,,1,0,,330,;
/*,24315060,*/,0,0,0,0,1,0,0,0,0,0,0,0,0,0,0,0,,1,0,0,,0,1,,0,1,,350,;
/*,24315060,*/,0,0,0,0,1,0,0,0,0,0,0,0,0,0,0,0,,1,0,0,,0,1,,0,1,,350,;
/*,24315060,*/,0,0,0,0,1,0,0,0,0,0,0,0,0,0,0,0,,1,0,0,,0,1,,0,1,,350,;
/*,24317892,*/,0,0,0,0,0,0,0,1,0,0,0,0,0,0,0,0,,0,1,0,,1,0,,1,0,,750,;
/*,24319533,*/,0,0,0,0,0,0,0,1,0,0,0,0,0,0,0,0,,1,0,0,,1,0,,1,0,,620,;
/*,24319533,*/,0,0,0,0,0,0,0,0,1,0,0,0,0,0,0,0,,1,0,0,,1,0,,0,1,,800,;
/*,24322283,*/,0,0,0,0,0,0,0,1,0,0,0,0,0,0,0,0,,0,1,0,,1,0,,1,0,,450,;
/*,24322283,*/,0,0,0,0,0,0,0,0,0,1,0,0,0,0,0,0,,0,0,1,,0,1,,1,0,,440,;
/*,24324292,*/,0,0,0,0,0,1,0,0,0,0,0,0,0,0,0,0,,0,1,0,,1,0,,1,0,,550,;
/*,24324292,*/,0,0,0,0,1,0,0,0,0,0,0,0,0,0,0,0,,1,0,0,,1,0,,0,1,,470,;
/*,24324590,*/,0,0,0,0,0,1,0,0,0,0,0,0,0,0,0,0,,1,0,0,,1,0,,1,0,,550,;
/*,24378599,*/,1,0,0,0,0,0,0,0,0,0,0,0,0,0,0,0,,0,1,0,,1,0,,1,0,,750,;
/*,24378599,*/,1,0,0,0,0,0,0,0,0,0,0,0,0,0,0,0,,1,0,0,,1,0,,1,0,,483.877826,;
/*,24378599,*/,0,1,0,0,0,0,0,0,0,0,0,0,0,0,0,0,,0,1,0,,1,0,,1,0,,800,;
/*,24378599,*/,0,1,0,0,0,0,0,0,0,0,0,0,0,0,0,0,,1,0,0,,1,0,,1,0,,476.607278,;
/*,24391596,*/,0,0,0,0,0,0,0,1,0,0,0,0,0,0,0,0,,1,0,0,,1,0,,1,0,,640,;
/*,24391596,*/,0,0,0,0,0,0,0,0,1,0,0,0,0,0,0,0,,1,0,0,,1,0,,0,1,,NA,;
/*,49598822,*/,0,0,0,0,0,0,0,0,1,0,0,0,0,0,0,0,,1,0,0,,1,0,,0,1,,380,;
/*,51030855,*/,0,0,0,0,0,0,0,0,1,0,0,0,0,0,0,0,,1,0,0,,1,0,,0,1,,460,;
/*,51035383,*/,0,0,0,0,0,0,0,0,0,1,0,0,0,0,0,0,,0,0,1,,1,0,,1,0,,640,;
/*,51035383,*/,0,0,0,0,0,0,0,0,1,0,0,0,0,0,0,0,,0,1,0,,1,0,,0,1,,720,;
/*,51035383,*/,0,0,0,0,0,0,0,0,0,0,0,1,0,0,0,0,,0,0,1,,1,0,,1,0,,NA,;
/*,51801850,*/,0,0,0,0,0,0,0,1,0,0,0,0,0,0,0,0,,0,1,0,,0,1,,1,0,,360,;
/*,51801850,*/,0,0,0,0,0,0,0,1,0,0,0,0,0,0,0,0,,0,1,0,,0,1,,1,0,,320,;
/*,51804339,*/,0,0,0,0,0,0,0,1,0,0,0,0,0,0,0,0,,0,1,0,,0,1,,1,0,,380,;
/*,51807805,*/,0,0,0,0,0,0,0,1,0,0,0,0,0,0,0,0,,0,0,0,,1,0,,1,0,,140,;
/*,51808088,*/,0,0,0,0,0,0,0,0,0,1,0,0,0,0,0,0,,0,0,1,,1,0,,1,0,,660,;
/*,51808088,*/,0,0,0,0,0,0,0,0,1,0,0,0,0,0,0,0,,0,0,1,,1,0,,0,1,,760,;
/*,51808088,*/,0,0,0,0,0,0,0,0,1,0,0,0,0,0,0,0,,0,0,1,,1,0,,0,1,,760,;
/*,51808088,*/,0,0,0,0,0,0,0,0,0,0,0,1,0,0,0,0,,0,0,1,,1,0,,1,0,,700,;
/*,51810598,*/,0,0,0,0,0,0,0,1,0,0,0,0,0,0,0,0,,0,1,0,,0,1,,1,0,,440,;
/*,51810598,*/,0,0,0,0,0,0,0,0,0,0,0,1,0,0,0,0,,1,0,0,,0,1,,1,0,,440,;
/*,51811298,*/,0,0,0,0,0,0,0,1,0,0,0,0,0,0,0,0,,0,1,0,,0,1,,1,0,,400,;
/*,51811298,*/,0,0,0,0,0,0,0,0,0,0,0,1,0,0,0,0,,0,1,0,,0,1,,1,0,,480,;
/*,51811324,*/,0,0,0,0,0,0,0,1,0,0,0,0,0,0,0,0,,0,1,0,,1,0,,1,0,,580,;
/*,51811803,*/,0,0,0,0,0,0,0,0,1,0,0,0,0,0,0,0,,0,1,0,,0,1,,0,1,,500,;
/*,51811803,*/,0,0,0,0,0,0,0,0,0,0,0,0,0,0,0,1,,0,0,1,,0,1,,1,0,,500,;
/*,51811803,*/,0,0,0,0,0,0,0,0,0,0,0,0,0,0,0,0,,0,0,1,,0,1,,0,1,,500,;
/*,51811803,*/,0,0,0,0,0,0,0,0,0,0,0,0,0,0,0,0,,0,0,1,,0,1,,0,1,,470,;
/*,51812356,*/,0,0,0,0,0,0,0,0,1,0,0,0,0,0,0,0,,1,0,0,,0,1,,0,1,,360,;
/*,51812356,*/,0,0,0,0,0,0,0,0,0,0,1,0,0,0,0,0,,1,0,0,,0,1,,0,1,,460,;
/*,51812356,*/,0,0,0,0,0,0,0,0,0,0,0,0,0,0,0,0,,0,1,0,,0,1,,0,1,,380,;
/*,51812818,*/,0,0,0,0,0,0,0,1,0,0,0,0,0,0,0,0,,1,0,0,,0,1,,1,0,,380,;
/*,51812840,*/,0,0,0,0,0,0,0,1,0,0,0,0,0,0,0,0,,1,0,0,,0,1,,1,0,,380,;
/*,51814600,*/,0,0,0,0,0,0,0,0,1,0,0,0,0,0,0,0,,0,0,0,,1,0,,0,1,,240,;
/*,51814600,*/,0,0,0,0,0,0,0,0,1,0,0,0,0,0,0,0,,0,0,0,,1,0,,0,1,,240,;
/*,51814872,*/,0,0,0,0,0,0,0,0,1,0,0,0,0,0,0,0,,1,0,0,,0,1,,0,1,,340,;
/*,51814872,*/,0,0,0,0,0,0,0,0,0,0,0,1,0,0,0,0,,1,0,0,,0,1,,1,0,,420,;
/*,51815112,*/,0,0,0,0,0,0,0,1,0,0,0,0,0,0,0,0,,0,1,0,,1,0,,1,0,,640,;
/*,51815814,*/,0,0,0,0,0,0,0,0,0,1,0,0,0,0,0,0,,0,1,0,,1,0,,1,0,,600,;
/*,51815814,*/,0,0,0,0,0,0,0,0,1,0,0,0,0,0,0,0,,1,0,0,,1,0,,0,1,,560,;
/*,51815814,*/,0,0,0,0,0,0,0,0,0,0,0,1,0,0,0,0,,0,0,0,,0,1,,1,0,,300,;
/*,51818276,*/,0,0,0,0,0,0,0,1,0,0,0,0,0,0,0,0,,1,0,0,,0,1,,1,0,,440,;
/*,51819283,*/,0,0,0,0,0,0,0,0,1,0,0,0,0,0,0,0,,0,0,1,,0,1,,0,1,,460,;
/*,51819283,*/,0,0,0,0,0,0,0,0,0,0,0,1,0,0,0,0,,0,0,1,,0,1,,1,0,,420,;
/*,51819283,*/,0,0,0,0,0,0,0,0,0,0,0,0,0,1,0,0,,0,0,1,,0,1,,1,0,,0,;
/*,51819540,*/,0,0,0,0,0,0,0,1,0,0,0,0,0,0,0,0,,0,0,0,,0,1,,1,0,,220,;
/*,51819540,*/,0,0,0,0,0,0,0,0,0,0,0,1,0,0,0,0,,1,0,0,,1,0,,1,0,,620,;
/*,51819540,*/,0,0,0,0,0,0,0,0,0,0,0,0,0,0,0,0,,0,1,0,,1,0,,0,1,,660,;
/*,51822052,*/,0,0,0,0,0,0,0,0,1,0,0,0,0,0,0,0,,1,0,0,,1,0,,0,1,,440,;
/*,51822052,*/,0,0,0,0,0,0,0,0,0,0,0,1,0,0,0,0,,0,0,0,,1,0,,1,0,,220,;
/*,51822344,*/,0,0,0,0,0,0,0,1,0,0,0,0,0,0,0,0,,0,1,0,,0,1,,1,0,,440,;
/*,51822784,*/,0,0,0,0,0,0,0,0,1,0,0,0,0,0,0,0,,0,1,0,,0,1,,0,1,,420,;
/*,51823343,*/,0,0,0,0,0,0,0,0,0,1,0,0,0,0,0,0,,1,0,0,,1,0,,1,0,,540,;
/*,51823343,*/,0,0,0,0,0,0,0,0,0,1,0,0,0,0,0,0,,1,0,0,,1,0,,1,0,,480,;
/*,51823343,*/,0,0,0,0,0,0,0,0,0,1,0,0,0,0,0,0,,1,0,0,,1,0,,1,0,,470,;
/*,51823343,*/,0,0,0,0,0,0,0,0,1,0,0,0,0,0,0,0,,1,0,0,,1,0,,0,1,,560,;
/*,51823343,*/,0,0,0,0,0,0,0,0,1,0,0,0,0,0,0,0,,1,0,0,,1,0,,0,1,,560,;
/*,51823343,*/,0,0,0,0,0,0,0,0,0,0,0,1,0,0,0,0,,0,1,0,,1,0,,1,0,,650,;
/*,51824638,*/,0,0,0,0,0,0,0,1,0,0,0,0,0,0,0,0,,0,0,1,,1,0,,1,0,,700,;
/*,51825554,*/,0,0,0,0,0,0,0,0,1,0,0,0,0,0,0,0,,0,0,1,,0,1,,0,1,,320,;
/*,51825554,*/,0,0,0,0,0,0,0,0,0,0,0,1,0,0,0,0,,0,0,1,,0,1,,1,0,,400,;
/*,51826119,*/,0,0,0,0,0,0,0,0,1,0,0,0,0,0,0,0,,1,0,0,,1,0,,0,1,,520,;
/*,51826119,*/,0,0,0,0,0,0,0,0,1,0,0,0,0,0,0,0,,1,0,0,,1,0,,0,1,,520,;
/*,51826120,*/,0,0,0,0,0,0,0,1,0,0,0,0,0,0,0,0,,0,1,0,,0,1,,1,0,,410,;
/*,51826120,*/,0,0,0,0,0,0,0,0,1,0,0,0,0,0,0,0,,0,1,0,,0,1,,0,1,,440,;
/*,51826120,*/,0,0,0,0,0,0,0,0,1,0,0,0,0,0,0,0,,0,1,0,,0,1,,0,1,,450,;
/*,51826120,*/,0,0,0,0,0,0,0,0,0,0,0,1,0,0,0,0,,0,1,0,,0,1,,1,0,,NA,;
/*,51826527,*/,0,0,0,0,0,0,0,1,0,0,0,0,0,0,0,0,,0,1,0,,1,0,,1,0,,580,;
/*,51826527,*/,0,0,0,0,0,0,0,0,1,0,0,0,0,0,0,0,,0,0,1,,1,0,,0,1,,620,;
/*,51826527,*/,0,0,0,0,0,0,0,0,1,0,0,0,0,0,0,0,,0,0,1,,1,0,,0,1,,580,;
/*,51826527,*/,0,0,0,0,0,0,0,0,1,0,0,0,0,0,0,0,,0,1,0,,1,0,,0,1,,580,;
/*,51826607,*/,0,0,0,0,0,0,0,1,0,0,0,0,0,0,0,0,,1,0,0,,1,0,,1,0,,760,;
/*,51826607,*/,0,0,0,0,0,0,0,1,0,0,0,0,0,0,0,0,,1,0,0,,1,0,,1,0,,680,;
/*,51826608,*/,0,0,0,0,0,0,0,0,1,0,0,0,0,0,0,0,,0,0,1,,0,1,,0,1,,400,;
/*,51826608,*/,0,0,0,0,0,0,0,0,1,0,0,0,0,0,0,0,,0,0,1,,0,1,,0,1,,400,;
/*,51828088,*/,0,0,0,0,0,0,0,1,0,0,0,0,0,0,0,0,,0,0,0,,0,1,,1,0,,270,;
/*,51828088,*/,0,0,0,0,0,0,0,1,0,0,0,0,0,0,0,0,,0,0,0,,0,1,,1,0,,250,;
/*,51830775,*/,0,0,0,0,0,0,0,1,0,0,0,0,0,0,0,0,,0,1,0,,1,0,,1,0,,580,;
/*,51830775,*/,0,0,0,0,0,0,0,1,0,0,0,0,0,0,0,0,,0,1,0,,1,0,,1,0,,580,;
/*,51830775,*/,0,0,0,0,0,0,0,0,0,1,0,0,0,0,0,0,,0,1,0,,1,0,,1,0,,NA,;
/*,51830775,*/,0,0,0,0,0,0,0,0,1,0,0,0,0,0,0,0,,0,1,0,,1,0,,0,1,,720,;
/*,51830855,*/,0,0,0,0,0,0,0,0,1,0,0,0,0,0,0,0,,1,0,0,,1,0,,0,1,,460,;
/*,51830855,*/,0,0,0,0,0,0,0,0,0,0,0,1,0,0,0,0,,0,0,0,,1,0,,1,0,,300,;
/*,51831264,*/,0,0,0,0,0,0,0,0,1,0,0,0,0,0,0,0,,1,0,0,,1,0,,0,1,,620,;
/*,51831264,*/,0,0,0,0,0,0,0,0,1,0,0,0,0,0,0,0,,1,0,0,,1,0,,0,1,,620,;
/*,51831264,*/,0,0,0,0,0,0,0,0,1,0,0,0,0,0,0,0,,1,0,0,,1,0,,0,1,,620,;
/*,51832265,*/,0,0,0,0,0,0,0,1,0,0,0,0,0,0,0,0,,0,1,0,,0,1,,1,0,,420,;
/*,51833067,*/,0,0,0,0,0,0,0,1,0,0,0,0,0,0,0,0,,0,0,0,,1,0,,1,0,,420,;
/*,51834067,*/,0,0,0,0,0,0,0,1,0,0,0,0,0,0,0,0,,0,1,0,,1,0,,1,0,,760,;
/*,51834091,*/,0,0,0,0,0,0,0,0,1,0,0,0,0,0,0,0,,1,0,0,,1,0,,0,1,,580,;
/*,51834091,*/,0,0,0,0,0,0,0,0,1,0,0,0,0,0,0,0,,1,0,0,,1,0,,0,1,,580,;
/*,51834575,*/,0,0,0,0,0,0,0,1,0,0,0,0,0,0,0,0,,0,1,0,,1,0,,1,0,,720,;
/*,51834575,*/,0,0,0,0,0,0,0,0,1,0,0,0,0,0,0,0,,0,0,1,,1,0,,0,1,,700,;
/*,51834575,*/,0,0,0,0,0,0,0,0,1,0,0,0,0,0,0,0,,0,0,1,,1,0,,0,1,,700,;
/*,51835309,*/,0,0,0,0,0,0,0,1,0,0,0,0,0,0,0,0,,1,0,0,,0,1,,1,0,,380,;
/*,51835309,*/,0,0,0,0,0,0,0,0,0,0,0,0,0,1,0,0,,0,1,0,,0,1,,1,0,,460,;
/*,51837812,*/,0,0,0,0,0,0,0,0,1,0,0,0,0,0,0,0,,1,0,0,,1,0,,0,1,,580,;
/*,51838528,*/,0,0,0,0,0,0,0,1,0,0,0,0,0,0,0,0,,0,1,0,,1,0,,1,0,,600,;
/*,51840096,*/,0,0,0,0,0,0,0,0,1,0,0,0,0,0,0,0,,1,0,0,,1,0,,0,1,,580,;
/*,51840096,*/,0,0,0,0,0,0,0,0,1,0,0,0,0,0,0,0,,1,0,0,,1,0,,0,1,,580,;
/*,51841088,*/,0,0,0,0,0,0,0,0,1,0,0,0,0,0,0,0,,1,0,0,,1,0,,0,1,,560,;
/*,51841088,*/,0,0,0,0,0,0,0,0,1,0,0,0,0,0,0,0,,1,0,0,,1,0,,0,1,,NA,;
/*,51841795,*/,0,0,0,0,0,0,0,0,1,0,0,0,0,0,0,0,,1,0,0,,0,1,,0,1,,400,;
/*,51842054,*/,0,0,0,0,0,0,0,1,0,0,0,0,0,0,0,0,,0,1,0,,0,1,,1,0,,400,;
/*,51842054,*/,0,0,0,0,0,0,0,0,1,0,0,0,0,0,0,0,,0,0,1,,0,1,,0,1,,440,;
/*,51842297,*/,0,0,0,0,0,0,0,1,0,0,0,0,0,0,0,0,,0,1,0,,0,1,,1,0,,430,;
/*,51842297,*/,0,0,0,0,0,0,0,0,0,0,0,0,0,0,0,1,,0,0,1,,0,1,,1,0,,460,;
/*,51844296,*/,0,0,0,0,0,0,0,1,0,0,0,0,0,0,0,0,,1,0,0,,0,1,,1,0,,440,;
/*,51844296,*/,0,0,0,0,0,0,0,1,0,0,0,0,0,0,0,0,,1,0,0,,0,1,,1,0,,410,;
/*,51845266,*/,0,0,0,0,0,0,0,0,1,0,0,0,0,0,0,0,,0,0,0,,0,1,,0,1,,300,;
/*,51845266,*/,0,0,0,0,0,0,0,0,1,0,0,0,0,0,0,0,,0,0,0,,0,1,,0,1,,300,;
/*,51845266,*/,0,0,0,0,0,0,0,0,1,0,0,0,0,0,0,0,,0,0,0,,0,1,,0,1,,300,;
/*,51845266,*/,0,0,0,0,0,0,0,0,1,0,0,0,0,0,0,0,,0,0,0,,0,1,,0,1,,260,;
/*,51854266,*/,0,0,0,0,0,0,0,0,1,0,0,0,0,0,0,0,,0,0,0,,0,1,,0,1,,300,;
/*,69042796,*/,0,0,0,0,0,0,0,0,0,0,0,1,0,0,0,0,,1,0,0,,1,0,,1,0,,570,;
/*,69044848,*/,0,0,0,0,0,0,0,0,0,1,0,0,0,0,0,0,,1,0,0,,1,0,,1,0,,660,;
/*,69044848,*/,0,0,0,0,0,0,0,0,0,1,0,0,0,0,0,0,,1,0,0,,1,0,,1,0,,600,;
/*,69044848,*/,0,0,0,0,0,0,0,0,0,0,0,1,0,0,0,0,,0,1,0,,1,0,,1,0,,540,;
/*,69046071,*/,0,0,0,0,0,0,0,0,0,0,1,0,0,0,0,0,,1,0,0,,1,0,,0,1,,840,;
/*,69046071,*/,0,0,0,0,0,0,0,0,0,0,1,0,0,0,0,0,,1,0,0,,1,0,,0,1,,820,;
/*,69048860,*/,0,0,0,0,0,0,0,0,0,0,0,1,0,0,0,0,,1,0,0,,1,0,,1,0,,370,;
/*,69049364,*/,0,0,0,0,0,0,0,0,0,0,1,0,0,0,0,0,,1,0,0,,1,0,,0,1,,400,;
/*,69050789,*/,0,0,0,0,0,0,0,0,0,0,0,1,0,0,0,0,,0,1,0,,0,1,,1,0,,440,;
/*,69050789,*/,0,0,0,0,0,0,0,0,0,0,1,0,0,0,0,0,,1,0,0,,0,1,,0,1,,440,;
/*,69065021,*/,0,0,0,0,0,0,0,0,0,0,0,1,0,0,0,0,,1,0,0,,0,1,,1,0,,390,;
/*,69065021,*/,0,0,0,0,0,0,0,0,0,0,1,0,0,0,0,0,,1,0,0,,1,0,,0,1,,540,;
/*,69070262,*/,0,0,0,0,0,0,0,0,0,0,0,1,0,0,0,0,,0,0,0,,1,0,,1,0,,220,;
/*,69070262,*/,0,0,0,0,0,0,0,0,0,0,0,1,0,0,0,0,,0,0,0,,1,0,,1,0,,NA,;
/*,69070262,*/,0,0,0,0,0,0,0,0,0,0,0,0,1,0,0,0,,1,0,0,,1,0,,0,1,,540,;
/*,69070262,*/,0,0,0,0,0,0,0,0,0,0,0,0,1,0,0,0,,1,0,0,,1,0,,0,1,,NA,;
/*,69075076,*/,0,0,0,0,0,0,0,0,0,1,0,0,0,0,0,0,,1,0,0,,1,0,,1,0,,620,;
/*,69075076,*/,0,0,0,0,0,0,0,0,0,0,0,1,0,0,0,0,,0,1,0,,1,0,,1,0,,520,;
/*,69077309,*/,0,0,0,0,0,0,0,0,0,0,0,1,0,0,0,0,,0,0,0,,0,1,,1,0,,280,;
/*,69077309,*/,0,0,0,0,0,0,0,0,0,0,0,1,0,0,0,0,,0,0,0,,0,1,,1,0,,NA,;
/*,69077309,*/,0,0,0,0,0,0,0,0,0,0,0,0,0,1,0,0,,1,0,0,,0,1,,1,0,,420,;
/*,69078619,*/,0,0,0,0,0,0,0,0,0,1,0,0,0,0,0,0,,1,0,0,,0,1,,1,0,,380,;
/*,69078619,*/,0,0,0,0,0,0,0,0,0,0,0,0,0,1,0,0,,1,0,0,,0,1,,1,0,,450,;
/*,69078619,*/,0,0,0,0,0,0,0,0,0,0,0,0,0,0,0,1,,0,1,0,,0,1,,1,0,,440,;
/*,69078786,*/,0,0,0,0,0,0,0,0,0,0,1,0,0,0,0,0,,0,1,0,,1,0,,0,1,,760,;
/*,69079074,*/,0,0,0,0,0,0,0,0,0,1,0,0,0,0,0,0,,1,0,0,,1,0,,1,0,,540,;
/*,69079074,*/,0,0,0,0,0,0,0,0,0,0,1,0,0,0,0,0,,0,1,0,,1,0,,0,1,,720,;
/*,69084829,*/,0,0,0,0,0,0,0,0,0,0,0,0,0,0,0,0,,1,0,0,,1,0,,0,1,,680,;
/*,69086278,*/,0,0,0,0,0,0,0,0,0,0,0,1,0,0,0,0,,1,0,0,,1,0,,1,0,,630,;
/*,69086278,*/,0,0,0,0,0,0,0,0,0,0,0,1,0,0,0,0,,1,0,0,,1,0,,1,0,,650,;
/*,70779010,*/,0,0,0,0,0,0,0,0,0,0,0,1,0,0,0,0,,1,0,0,,1,0,,1,0,,720,;
/*,70795845,*/,0,0,0,0,0,0,0,0,0,1,0,0,0,0,0,0,,0,1,0,,1,0,,1,0,,NA,;
/*,70795845,*/,0,0,0,0,0,0,0,0,0,1,0,0,0,0,0,0,,0,1,0,,1,0,,1,0,,640,;
/*,70795848,*/,0,0,0,0,0,0,0,0,0,0,0,1,0,0,0,0,,1,0,0,,0,1,,1,0,,380,;
/*,70795893,*/,0,0,0,0,0,0,0,0,0,0,0,1,0,0,0,0,,1,0,0,,1,0,,1,0,,490,;
/*,70795893,*/,0,0,0,0,0,0,0,0,0,0,0,0,1,0,0,0,,1,0,0,,1,0,,0,1,,540,;
/*,70796037,*/,0,0,0,0,0,0,0,0,0,0,1,0,0,0,0,0,,1,0,0,,1,0,,0,1,,660,;
/*,70796789,*/,0,0,0,0,0,0,0,0,0,0,1,0,0,0,0,0,,1,0,0,,0,1,,0,1,,330,;
/*,70797067,*/,0,0,0,0,0,0,0,0,0,0,0,1,0,0,0,0,,1,0,0,,0,1,,1,0,,340,;
/*,70797067,*/,0,0,0,0,0,0,0,0,0,0,0,0,1,0,0,0,,1,0,0,,0,1,,0,1,,340,;
/*,70797260,*/,0,0,0,0,0,0,0,0,0,0,0,1,0,0,0,0,,0,0,1,,0,1,,1,0,,450,;
/*,70797317,*/,0,0,0,0,0,0,0,0,0,0,0,1,0,0,0,0,,0,0,0,,0,1,,1,0,,220,;
/*,70797317,*/,0,0,0,0,0,0,0,0,0,0,0,0,1,0,0,0,,1,0,0,,0,1,,0,1,,360,;
/*,70797355,*/,0,0,0,0,0,0,0,0,0,0,1,0,0,0,0,0,,1,0,0,,0,1,,0,1,,340,;
/*,70797612,*/,0,0,0,0,0,0,0,0,0,0,0,1,0,0,0,0,,0,1,0,,1,0,,1,0,,500,;
/*,70797612,*/,0,0,0,0,0,0,0,0,0,0,1,0,0,0,0,0,,1,0,0,,1,0,,0,1,,400,;
/*,70797615,*/,0,0,0,0,0,0,0,0,0,0,0,1,0,0,0,0,,0,0,0,,1,0,,1,0,,300,;
/*,70797615,*/,0,0,0,0,0,0,0,0,0,0,0,1,0,0,0,0,,0,0,0,,1,0,,1,0,,NA,;
/*,70797615,*/,0,0,0,0,0,0,0,0,0,0,0,1,0,0,0,0,,0,0,0,,1,0,,1,0,,230,;
/*,70797638,*/,0,0,0,0,0,0,0,0,0,0,0,1,0,0,0,0,,0,0,0,,1,0,,1,0,,280,;
/*,70797638,*/,0,0,0,0,0,0,0,0,0,0,0,1,0,0,0,0,,0,0,0,,1,0,,1,0,,300,;
/*,70797638,*/,0,0,0,0,0,0,0,0,0,0,0,1,0,0,0,0,,0,1,0,,0,1,,1,0,,NA,;
/*,70797792,*/,0,0,0,0,0,0,0,0,0,0,0,1,0,0,0,0,,0,0,0,,1,0,,1,0,,260,;
/*,70797794,*/,0,0,0,0,0,0,0,0,0,0,0,1,0,0,0,0,,0,1,0,,1,0,,1,0,,820,;
/*,70797794,*/,0,0,0,0,0,0,0,0,0,0,0,0,1,0,0,0,,0,0,1,,1,0,,0,1,,780,;
/*,70797794,*/,0,0,0,0,0,0,0,0,0,0,0,0,1,0,0,0,,0,0,1,,1,0,,0,1,,NA,;
/*,70797794,*/,0,0,0,0,0,0,0,0,0,0,0,0,1,0,0,0,,1,0,0,,0,1,,0,1,,NA,;
/*,70797794,*/,0,0,0,0,0,0,0,0,0,0,0,0,0,0,0,0,,0,0,1,,1,0,,0,1,,780,;
/*,70797813,*/,0,0,0,0,0,0,0,0,0,0,0,1,0,0,0,0,,1,0,0,,1,0,,1,0,,720,;
/*,70797813,*/,0,0,0,0,0,0,0,0,0,0,0,0,1,0,0,0,,1,0,0,,1,0,,0,1,,690,;
/*,70798005,*/,0,0,0,0,0,0,0,0,0,0,0,1,0,0,0,0,,1,0,0,,0,1,,1,0,,360,;
/*,70798005,*/,0,0,0,0,0,0,0,0,0,0,0,0,0,1,0,0,,1,0,0,,0,1,,1,0,,440,;
/*,70798005,*/,0,0,0,0,0,0,0,0,0,0,0,0,0,0,0,1,,1,0,0,,0,1,,1,0,,420,;
/*,70798621,*/,0,0,0,0,0,0,0,0,0,0,1,0,0,0,0,0,,1,0,0,,0,1,,0,1,,420,;
/*,70798621,*/,0,0,0,0,0,0,0,0,0,0,1,0,0,0,0,0,,1,0,0,,0,1,,0,1,,420,;
/*,70799005,*/,0,0,0,0,0,0,0,0,0,0,0,1,0,0,0,0,,1,0,0,,0,1,,1,0,,340,;
/*,70799010,*/,0,0,0,0,0,0,0,0,0,0,0,1,0,0,0,0,,1,0,0,,1,0,,1,0,,720,;
/*,70799010,*/,0,0,0,0,0,0,0,0,0,0,1,0,0,0,0,0,,1,0,0,,1,0,,0,1,,660,;
/*,70799088,*/,0,0,0,0,0,0,0,0,0,0,0,1,0,0,0,0,,0,1,0,,0,1,,1,0,,430,;
/*,70799088,*/,0,0,0,0,0,0,0,0,0,0,0,0,1,0,0,0,,0,1,0,,0,1,,0,1,,540,;
/*,70799088,*/,0,0,0,0,0,0,0,0,0,0,0,0,0,0,0,0,,0,1,0,,0,1,,0,1,,390,;
/*,70799088,*/,0,0,0,0,0,0,0,0,0,0,0,0,0,0,0,0,,0,1,0,,0,1,,0,1,,440,;
/*,70799256,*/,0,0,0,0,0,0,0,0,0,0,0,1,0,0,0,0,,1,0,0,,1,0,,1,0,,570,;
/*,70799256,*/,0,0,0,0,0,0,0,0,0,0,0,1,0,0,0,0,,1,0,0,,1,0,,1,0,,580,;
/*,70799256,*/,0,0,0,0,0,0,0,0,0,0,0,1,0,0,0,0,,1,0,0,,1,0,,1,0,,NA,;
/*,70799256,*/,0,0,0,0,0,0,0,0,0,0,0,1,0,0,0,0,,1,0,0,,1,0,,1,0,,610,;
/*,70799256,*/,0,0,0,0,0,0,0,0,0,0,0,0,0,1,0,0,,1,0,0,,1,0,,1,0,,590,;
/*,70799256,*/,0,0,0,0,0,0,0,0,0,0,0,0,1,0,0,0,,1,0,0,,1,0,,0,1,,740,;
/*,70799256,*/,0,0,0,0,0,0,0,0,0,0,0,0,1,0,0,0,,1,0,0,,1,0,,0,1,,NA,;
/*,70799380,*/,0,0,0,0,0,0,0,0,0,0,1,0,0,0,0,0,,1,0,0,,1,0,,0,1,,660,;
/*,70799805,*/,0,0,0,0,0,0,0,0,0,0,0,1,0,0,0,0,,1,0,0,,1,0,,1,0,,620,;
/*,70799805,*/,0,0,0,0,0,0,0,0,0,0,0,0,1,0,0,0,,1,0,0,,1,0,,0,1,,800,;
/*,70799830,*/,0,0,0,0,0,0,0,0,0,0,0,1,0,0,0,0,,1,0,0,,0,1,,1,0,,400,;
/*,70800267,*/,0,0,0,0,0,0,0,0,0,0,1,0,0,0,0,0,,1,0,0,,1,0,,0,1,,580,;
/*,70800267,*/,0,0,0,0,0,0,0,0,0,0,1,0,0,0,0,0,,1,0,0,,1,0,,0,1,,560,;
/*,70800282,*/,0,0,0,0,0,0,0,0,0,0,1,0,0,0,0,0,,1,0,0,,1,0,,0,1,,580,;
/*,70801047,*/,0,0,0,0,0,0,0,0,0,0,1,0,0,0,0,0,,1,0,0,,1,0,,0,1,,580,;
/*,70801105,*/,0,0,0,0,0,0,0,0,0,0,1,0,0,0,0,0,,1,0,0,,1,0,,0,1,,690,;
/*,70801105,*/,0,0,0,0,0,0,0,0,0,0,1,0,0,0,0,0,,1,0,0,,1,0,,0,1,,640,;
/*,70801105,*/,0,0,0,0,0,0,0,0,0,0,0,0,1,0,0,0,,1,0,0,,1,0,,0,1,,740,;
/*,70801818,*/,0,0,0,0,0,0,0,0,0,0,1,0,0,0,0,0,,1,0,0,,1,0,,0,1,,620,;
/*,70801878,*/,0,0,0,0,0,0,0,0,0,0,1,0,0,0,0,0,,1,0,0,,1,0,,0,1,,1000,;
/*,70802264,*/,0,0,0,0,0,0,0,0,0,0,0,1,0,0,0,0,,1,0,0,,1,0,,1,0,,660,;
/*,70802264,*/,0,0,0,0,0,0,0,0,0,0,0,1,0,0,0,0,,1,0,0,,1,0,,1,0,,620,;
/*,70802264,*/,0,0,0,0,0,0,0,0,0,0,0,1,0,0,0,0,,1,0,0,,1,0,,1,0,,NA,;
/*,70802264,*/,0,0,0,0,0,0,0,0,0,0,0,1,0,0,0,0,,1,0,0,,1,0,,1,0,,NA,;
/*,70802544,*/,0,0,0,0,0,0,0,0,0,0,0,1,0,0,0,0,,0,1,0,,0,1,,1,0,,400,;
/*,70802544,*/,0,0,0,0,0,0,0,0,0,0,0,1,0,0,0,0,,0,1,0,,0,1,,1,0,,400,;
/*,70802544,*/,0,0,0,0,0,0,0,0,0,0,0,1,0,0,0,0,,0,1,0,,0,1,,1,0,,390,;
/*,70802544,*/,0,0,0,0,0,0,0,0,0,0,0,0,1,0,0,0,,0,1,0,,0,1,,0,1,,440,;
/*,70802876,*/,0,0,0,0,0,0,0,0,0,1,0,0,0,0,0,0,,1,0,0,,1,0,,1,0,,740,;
/*,70803083,*/,0,0,0,0,0,0,0,0,0,0,0,1,0,0,0,0,,1,0,0,,0,1,,1,0,,390,;
/*,70803604,*/,0,0,0,0,0,0,0,0,0,0,0,1,0,0,0,0,,1,0,0,,0,1,,1,0,,380,;
/*,70803604,*/,0,0,0,0,0,0,0,0,0,0,0,0,0,1,0,0,,1,0,0,,0,1,,1,0,,390,;
/*,70803604,*/,0,0,0,0,0,0,0,0,0,0,0,0,0,0,0,1,,1,0,0,,0,1,,1,0,,380,;
/*,70804827,*/,0,0,0,0,0,0,0,0,0,0,1,0,0,0,0,0,,1,0,0,,1,0,,0,1,,560,;
/*,70805018,*/,0,0,0,0,0,0,0,0,0,0,0,1,0,0,0,0,,1,0,0,,1,0,,1,0,,NA,;
/*,70805018,*/,0,0,0,0,0,0,0,0,0,0,0,1,0,0,0,0,,1,0,0,,1,0,,1,0,,NA,;
/*,70805018,*/,0,0,0,0,0,0,0,0,0,0,1,0,0,0,0,0,,1,0,0,,1,0,,0,1,,520,;
/*,70805262,*/,0,0,0,0,0,0,0,0,0,0,1,0,0,0,0,0,,1,0,0,,1,0,,0,1,,480,;
/*,70806093,*/,0,0,0,0,0,0,0,0,0,0,1,0,0,0,0,0,,1,0,0,,1,0,,0,1,,360,;
/*,70806581,*/,0,0,0,0,0,0,0,0,0,0,1,0,0,0,0,0,,0,1,0,,1,0,,0,1,,520,;
/*,70806581,*/,0,0,0,0,0,0,0,0,0,0,1,0,0,0,0,0,,0,1,0,,1,0,,0,1,,520,;
/*,70807093,*/,0,0,0,0,0,0,0,0,0,0,1,0,0,0,0,0,,1,0,0,,1,0,,0,1,,760,;
/*,70807259,*/,0,0,0,0,0,0,0,0,0,0,1,0,0,0,0,0,,1,0,0,,1,0,,0,1,,840,;
/*,70807581,*/,0,0,0,0,0,0,0,0,0,0,0,1,0,0,0,0,,1,0,0,,1,0,,1,0,,560,;
/*,70807581,*/,0,0,0,0,0,0,0,0,0,0,0,1,0,0,0,0,,1,0,0,,1,0,,1,0,,NA,;
/*,70807581,*/,0,0,0,0,0,0,0,0,0,0,0,1,0,0,0,0,,1,0,0,,1,0,,1,0,,560,;
/*,70807589,*/,0,0,0,0,0,0,0,0,0,0,0,1,0,0,0,0,,1,0,0,,0,1,,1,0,,420,;
/*,70807589,*/,0,0,0,0,0,0,0,0,0,0,1,0,0,0,0,0,,1,0,0,,0,1,,0,1,,380,;
/*,70807589,*/,0,0,0,0,0,0,0,0,0,0,0,0,0,0,0,1,,1,0,0,,0,1,,1,0,,NA,;
/*,70808011,*/,0,0,0,0,0,0,0,0,0,0,1,0,0,0,0,0,,1,0,0,,1,0,,0,1,,780,;
/*,70808804,*/,0,0,0,0,0,0,0,0,0,0,1,0,0,0,0,0,,0,1,0,,1,0,,0,1,,640,;
/*,70808804,*/,0,0,0,0,0,0,0,0,0,0,1,0,0,0,0,0,,0,1,0,,1,0,,0,1,,640,;
/*,70809035,*/,0,0,0,0,0,0,0,0,0,1,0,0,0,0,0,0,,0,0,0,,1,0,,1,0,,380,;
/*,70809035,*/,0,0,0,0,0,0,0,0,0,1,0,0,0,0,0,0,,0,0,0,,1,0,,1,0,,340,;
/*,70809035,*/,0,0,0,0,0,0,0,0,0,0,0,1,0,0,0,0,,1,0,0,,1,0,,1,0,,640,;
/*,70809035,*/,0,0,0,0,0,0,0,0,0,0,0,1,0,0,0,0,,1,0,0,,1,0,,1,0,,NA,;
/*,70809340,*/,0,0,0,0,0,0,0,0,0,0,0,1,0,0,0,0,,1,0,0,,1,0,,1,0,,820,;
/*,70809538,*/,0,0,0,0,0,0,0,0,0,0,0,1,0,0,0,0,,1,0,0,,1,0,,1,0,,NA,;
/*,70809538,*/,0,0,0,0,0,0,0,0,0,0,1,0,0,0,0,0,,1,0,0,,1,0,,0,1,,780,;
/*,70809538,*/,0,0,0,0,0,0,0,0,0,0,0,0,0,1,0,0,,0,1,0,,1,0,,1,0,,760,;
/*,70809633,*/,0,0,0,0,0,0,0,0,0,0,0,1,0,0,0,0,,1,0,0,,1,0,,1,0,,370,;
/*,70809633,*/,0,0,0,0,0,0,0,0,0,0,0,1,0,0,0,0,,1,0,0,,1,0,,1,0,,380,;
/*,70810083,*/,0,0,0,0,0,0,0,0,0,0,1,0,0,0,0,0,,1,0,0,,1,0,,0,1,,660,;
/*,70810320,*/,0,0,0,0,0,0,0,0,0,0,1,0,0,0,0,0,,0,0,1,,0,1,,0,1,,400,;
/*,70811341,*/,0,0,0,0,0,0,0,0,0,1,0,0,0,0,0,0,,0,0,0,,1,0,,1,0,,280,;
/*,70811341,*/,0,0,0,0,0,0,0,0,0,0,1,0,0,0,0,0,,1,0,0,,1,0,,0,1,,580,;
/*,70811547,*/,0,0,0,0,0,0,0,0,0,0,0,1,0,0,0,0,,0,0,0,,0,1,,1,0,,120,;
/*,70811547,*/,0,0,0,0,0,0,0,0,0,0,0,0,0,0,0,0,,0,1,0,,0,1,,0,1,,370,;
/*,70811547,*/,0,0,0,0,0,0,0,0,0,0,0,0,0,0,0,0,,1,0,0,,0,1,,0,1,,440,;
/*,70812019,*/,0,0,0,0,0,0,0,0,0,0,1,0,0,0,0,0,,1,0,0,,1,0,,0,1,,580,;
/*,70812082,*/,0,0,0,0,0,0,0,0,0,0,0,1,0,0,0,0,,0,0,0,,1,0,,1,0,,420,;
/*,70812082,*/,0,0,0,0,0,0,0,0,0,0,1,0,0,0,0,0,,0,1,0,,1,0,,0,1,,780,;
/*,70812260,*/,0,0,0,0,0,0,0,0,0,0,1,0,0,0,0,0,,1,0,0,,1,0,,0,1,,620,;
/*,70812260,*/,0,0,0,0,0,0,0,0,0,0,1,0,0,0,0,0,,1,0,0,,1,0,,0,1,,600,;
/*,70812260,*/,0,0,0,0,0,0,0,0,0,0,1,0,0,0,0,0,,1,0,0,,1,0,,0,1,,600,;
/*,70812260,*/,0,0,0,0,0,0,0,0,0,0,1,0,0,0,0,0,,1,0,0,,1,0,,0,1,,600,;
/*,70812260,*/,0,0,0,0,0,0,0,0,0,0,1,0,0,0,0,0,,1,0,0,,1,0,,0,1,,580,;
/*,70812264,*/,0,0,0,0,0,0,0,0,0,0,0,1,0,0,0,0,,1,0,0,,1,0,,1,0,,520,;
/*,70812264,*/,0,0,0,0,0,0,0,0,0,0,0,1,0,0,0,0,,1,0,0,,1,0,,1,0,,440,;
/*,70812264,*/,0,0,0,0,0,0,0,0,0,0,1,0,0,0,0,0,,1,0,0,,1,0,,0,1,,320,;
/*,70812264,*/,0,0,0,0,0,0,0,0,0,0,1,0,0,0,0,0,,1,0,0,,1,0,,0,1,,320,;
/*,70812329,*/,0,0,0,0,0,0,0,0,0,0,1,0,0,0,0,0,,1,0,0,,1,0,,0,1,,720,;
/*,70813035,*/,0,0,0,0,0,0,0,0,0,0,1,0,0,0,0,0,,1,0,0,,1,0,,0,1,,660,;
/*,70813296,*/,0,0,0,0,0,0,0,0,0,0,0,1,0,0,0,0,,0,0,0,,1,0,,1,0,,220,;
/*,70813296,*/,0,0,0,0,0,0,0,0,0,0,0,1,0,0,0,0,,1,0,0,,1,0,,1,0,,NA,;
/*,70814106,*/,0,0,0,0,0,0,0,0,0,0,0,1,0,0,0,0,,1,0,0,,0,1,,1,0,,420,;
/*,70814106,*/,0,0,0,0,0,0,0,0,0,0,1,0,0,0,0,0,,1,0,0,,0,1,,0,1,,390,;
/*,70814106,*/,0,0,0,0,0,0,0,0,0,0,1,0,0,0,0,0,,1,0,0,,0,1,,0,1,,360,;
/*,70814106,*/,0,0,0,0,0,0,0,0,0,0,0,0,0,0,0,1,,1,0,0,,0,1,,1,0,,NA,;
/*,70814106,*/,0,0,0,0,0,0,0,0,0,0,0,0,0,0,0,1,,1,0,0,,1,0,,1,0,,420,;
/*,70870589,*/,0,0,0,0,0,0,0,0,0,0,1,0,0,0,0,0,,1,0,0,,0,1,,0,1,,380,;
/*,70870589,*/,0,0,0,0,0,0,0,0,0,0,1,0,0,0,0,0,,1,0,0,,0,1,,0,1,,380,;
/*,84371571,*/,0,0,0,0,1,0,0,0,0,0,0,0,0,0,0,0,,0,1,0,,0,1,,0,1,,450,;
/*,87371380,*/,0,0,1,0,0,0,0,0,0,0,0,0,0,0,0,0,,0,1,0,,1,0,,1,0,,580,;
/*,87371381,*/,0,0,0,0,0,0,0,1,0,0,0,0,0,0,0,0,,0,0,0,,0,1,,1,0,,260,;
/*,87371529,*/,0,0,1,0,0,0,0,0,0,0,0,0,0,0,0,0,,0,1,0,,1,0,,1,0,,860,;
/*,87371529,*/,0,0,0,1,0,0,0,0,0,0,0,0,0,0,0,0,,0,1,0,,0,1,,1,0,,820,;
/*,87371531,*/,0,1,0,0,0,0,0,0,0,0,0,0,0,0,0,0,,0,0,0,,1,0,,1,0,,250,;
/*,87371531,*/,0,1,0,0,0,0,0,0,0,0,0,0,0,0,0,0,,1,0,0,,1,0,,1,0,,464.710017,;
/*,87371531,*/,0,1,0,0,0,0,0,0,0,0,0,0,0,0,0,0,,0,0,0,,1,0,,1,0,,240,;
/*,87371531,*/,0,1,0,0,0,0,0,0,0,0,0,0,0,0,0,0,,1,0,0,,1,0,,1,0,,464.049058,;
/*,87371566,*/,0,1,0,0,0,0,0,0,0,0,0,0,0,0,0,0,,1,0,0,,1,0,,1,0,,760,;
/*,87371566,*/,0,1,0,0,0,0,0,0,0,0,0,0,0,0,0,0,,1,0,0,,1,0,,1,0,,468.014811,;
/*,87371566,*/,0,1,0,0,0,0,0,0,0,0,0,0,0,0,0,0,,1,0,0,,1,0,,1,0,,700,;
/*,87371566,*/,0,1,0,0,0,0,0,0,0,0,0,0,0,0,0,0,,1,0,0,,1,0,,1,0,,467.353852,;
/*,87371568,*/,0,0,0,0,0,0,0,1,0,0,0,0,0,0,0,0,,0,0,0,,0,1,,1,0,,320,;
/*,87371569,*/,0,0,1,0,0,0,0,0,0,0,0,0,0,0,0,0,,0,1,0,,1,0,,1,0,,700,;
/*,87371571,*/,0,0,1,0,0,0,0,0,0,0,0,0,0,0,0,0,,1,0,0,,0,1,,1,0,,360,;
/*,87371571,*/,0,0,1,0,0,0,0,0,0,0,0,0,0,0,0,0,,1,0,0,,0,1,,1,0,,360,;
/*,87371586,*/,0,1,0,0,0,0,0,0,0,0,0,0,0,0,0,0,,1,0,0,,1,0,,1,0,,560,;
/*,87371586,*/,0,1,0,0,0,0,0,0,0,0,0,0,0,0,0,0,,1,0,0,,1,0,,1,0,,459.422345,;
/*,87371592,*/,0,0,0,1,0,0,0,0,0,0,0,0,0,0,0,0,,1,0,0,,0,1,,1,0,,420,;
/*,87371592,*/,0,0,0,1,0,0,0,0,0,0,0,0,0,0,0,0,,1,0,0,,0,1,,1,0,,380,;
/*,87371592,*/,0,0,0,0,1,0,0,0,0,0,0,0,0,0,0,0,,1,0,0,,0,1,,0,1,,450,;
/*,87371596,*/,0,0,0,0,0,0,0,1,0,0,0,0,0,0,0,0,,1,0,0,,0,1,,1,0,,400,;
/*,87371617,*/,0,1,0,0,0,0,0,0,0,0,0,0,0,0,0,0,,1,0,0,,1,0,,1,0,,700,;
/*,87371617,*/,0,1,0,0,0,0,0,0,0,0,0,0,0,0,0,0,,1,0,0,,1,0,,1,0,,475.946319,;
/*,87371617,*/,0,0,1,0,0,0,0,0,0,0,0,0,0,0,0,0,,0,0,1,,1,0,,1,0,,810,;
/*,87371617,*/,0,0,1,0,0,0,0,0,0,0,0,0,0,0,0,0,,1,0,0,,1,0,,1,0,,475.28536,;
/*,87371618,*/,0,0,1,0,0,0,0,0,0,0,0,0,0,0,0,0,,1,0,0,,1,0,,1,0,,780,;
/*,87371619,*/,0,0,0,0,0,0,0,1,0,0,0,0,0,0,0,0,,0,0,0,,1,0,,1,0,,340,;
/*,87371619,*/,0,0,0,0,0,0,0,0,1,0,0,0,0,0,0,0,,1,0,0,,1,0,,0,1,,660,;
/*,87371619,*/,0,0,0,0,0,0,0,0,1,0,0,0,0,0,0,0,,1,0,0,,1,0,,0,1,,640,;
/*,87371630,*/,0,0,1,0,0,0,0,0,0,0,0,0,0,0,0,0,,0,0,0,,0,1,,1,0,,110,;
/*,87371630,*/,0,0,1,0,0,0,0,0,0,0,0,0,0,0,0,0,,0,0,0,,0,1,,1,0,,110,;
/*,87371630,*/,0,0,1,0,0,0,0,0,0,0,0,0,0,0,0,0,,0,0,0,,0,1,,1,0,,110,;
/*,87371632,*/,0,0,0,0,0,0,0,1,0,0,0,0,0,0,0,0,,0,1,0,,0,1,,1,0,,480,;
/*,87371632,*/,0,0,0,0,0,0,0,0,1,0,0,0,0,0,0,0,,0,1,0,,0,1,,0,1,,NA,;
/*,87371633,*/,0,0,0,0,0,0,0,1,0,0,0,0,0,0,0,0,,0,1,0,,1,0,,1,0,,680,;
/*,87371633,*/,0,0,0,0,0,0,0,0,0,1,0,0,0,0,0,0,,0,1,0,,1,0,,1,0,,680,;
/*,87371636,*/,0,0,1,0,0,0,0,0,0,0,0,0,0,0,0,0,,1,0,0,,1,0,,1,0,,660,;
/*,87371636,*/,0,0,1,0,0,0,0,0,0,0,0,0,0,0,0,0,,1,0,0,,1,0,,1,0,,660,;
/*,87371783,*/,0,0,1,0,0,0,0,0,0,0,0,0,0,0,0,0,,0,1,0,,0,1,,1,0,,540,;
/*,87371783,*/,0,0,1,0,0,0,0,0,0,0,0,0,0,0,0,0,,1,0,0,,0,1,,1,0,,456.778509,;
/*,87371783,*/,0,0,0,1,0,0,0,0,0,0,0,0,0,0,0,0,,0,0,1,,0,1,,1,0,,380,;
/*,87371783,*/,0,0,0,1,0,0,0,0,0,0,0,0,0,0,0,0,,1,0,0,,0,1,,1,0,,456.11755,;
/*,87371785,*/,0,0,0,1,0,0,0,0,0,0,0,0,0,0,0,0,,1,0,0,,0,1,,1,0,,380,;
/*,87371785,*/,0,0,0,1,0,0,0,0,0,0,0,0,0,0,0,0,,1,0,0,,0,1,,1,0,,370,;
/*,87371802,*/,0,0,0,1,0,0,0,0,0,0,0,0,0,0,0,0,,1,0,0,,1,0,,1,0,,670,;
/*,87371808,*/,0,0,0,1,0,0,0,0,0,0,0,0,0,0,0,0,,0,1,0,,1,0,,1,0,,760,;
/*,87371809,*/,0,0,0,0,0,0,0,1,0,0,0,0,0,0,0,0,,1,0,0,,1,0,,1,0,,520,;
/*,87371821,*/,0,0,0,1,0,0,0,0,0,0,0,0,0,0,0,0,,1,0,0,,1,0,,1,0,,620,;
/*,87371821,*/,0,0,0,1,0,0,0,0,0,0,0,0,0,0,0,0,,1,0,0,,1,0,,1,0,,620,;
/*,87371838,*/,0,0,0,0,0,0,0,1,0,0,0,0,0,0,0,0,,1,0,0,,1,0,,1,0,,760,;
/*,87371846,*/,0,0,1,0,0,0,0,0,0,0,0,0,0,0,0,0,,0,1,0,,0,1,,1,0,,400,;
/*,87371846,*/,0,0,0,0,0,1,0,0,0,0,0,0,0,0,0,0,,0,0,1,,0,1,,1,0,,480,;
/*,87371846,*/,0,0,0,0,0,0,0,1,0,0,0,0,0,0,0,0,,0,0,1,,0,1,,1,0,,380,;
/*,87371857,*/,0,0,0,1,0,0,0,0,0,0,0,0,0,0,0,0,,1,0,0,,1,0,,1,0,,500,;
/*,87371857,*/,0,0,0,1,0,0,0,0,0,0,0,0,0,0,0,0,,1,0,0,,1,0,,1,0,,500,;
/*,87371869,*/,0,0,1,0,0,0,0,0,0,0,0,0,0,0,0,0,,0,1,0,,1,0,,1,0,,720,;
/*,87371893,*/,0,0,1,0,0,0,0,0,0,0,0,0,0,0,0,0,,1,0,0,,0,1,,1,0,,540,;
/*,87371893,*/,0,0,1,0,0,0,0,0,0,0,0,0,0,0,0,0,,1,0,0,,0,1,,1,0,,450.168919,;
/*,87371893,*/,0,0,0,0,1,0,0,0,0,0,0,0,0,0,0,0,,0,1,0,,0,1,,0,1,,530,;
/*,87371893,*/,0,0,0,0,1,0,0,0,0,0,0,0,0,0,0,0,,1,0,0,,0,1,,0,1,,449.507961,;
/*,87372008,*/,0,0,0,1,0,0,0,0,0,0,0,0,0,0,0,0,,1,0,0,,1,0,,1,0,,600,;
/*,87372008,*/,0,0,0,1,0,0,0,0,0,0,0,0,0,0,0,0,,1,0,0,,1,0,,1,0,,600,;
/*,87372010,*/,0,0,0,0,0,0,0,1,0,0,0,0,0,0,0,0,,0,1,0,,0,1,,1,0,,360,;
/*,87372010,*/,0,0,0,0,0,0,0,0,1,0,0,0,0,0,0,0,,0,1,0,,0,1,,0,1,,NA,;
/*,87372022,*/,0,0,1,0,0,0,0,0,0,0,0,0,0,0,0,0,,1,0,0,,0,1,,1,0,,340,;
/*,87372022,*/,0,0,0,0,0,1,0,0,0,0,0,0,0,0,0,0,,0,1,0,,0,1,,1,0,,460,;
/*,87372031,*/,0,0,1,0,0,0,0,0,0,0,0,0,0,0,0,0,,0,0,0,,1,0,,1,0,,200,;
/*,87372031,*/,0,0,1,0,0,0,0,0,0,0,0,0,0,0,0,0,,0,0,0,,1,0,,1,0,,200,;
/*,87372036,*/,0,1,0,0,0,0,0,0,0,0,0,0,0,0,0,0,,1,0,0,,1,0,,1,0,,540,;
/*,87372036,*/,0,1,0,0,0,0,0,0,0,0,0,0,0,0,0,0,,1,0,0,,1,0,,1,0,,474.624401,;
/*,87372036,*/,0,1,0,0,0,0,0,0,0,0,0,0,0,0,0,0,,1,0,0,,1,0,,1,0,,540,;
/*,87372036,*/,0,1,0,0,0,0,0,0,0,0,0,0,0,0,0,0,,1,0,0,,1,0,,1,0,,473.963442,;
/*,87372061,*/,0,0,0,1,0,0,0,0,0,0,0,0,0,0,0,0,,0,0,1,,0,1,,1,0,,440,;
/*,87372061,*/,0,0,0,1,0,0,0,0,0,0,0,0,0,0,0,0,,0,0,1,,0,1,,1,0,,360,;
/*,87372062,*/,0,0,1,0,0,0,0,0,0,0,0,0,0,0,0,0,,1,0,0,,1,0,,1,0,,620,;
/*,87372064,*/,0,0,0,0,0,0,0,1,0,0,0,0,0,0,0,0,,1,0,0,,0,1,,1,0,,520,;
/*,87372092,*/,0,0,0,0,0,0,0,1,0,0,0,0,0,0,0,0,,0,1,0,,1,0,,1,0,,660,;
/*,87372108,*/,0,0,0,1,0,0,0,0,0,0,0,0,0,0,0,0,,0,1,0,,0,1,,1,0,,440,;
/*,87372259,*/,0,0,0,0,0,0,0,1,0,0,0,0,0,0,0,0,,1,0,0,,0,1,,1,0,,400,;
/*,87372259,*/,0,0,0,0,0,0,0,0,0,0,0,1,0,0,0,0,,0,1,0,,0,1,,1,0,,450,;
/*,87372259,*/,0,0,0,0,0,0,0,0,0,0,0,0,0,1,0,0,,0,0,0,,0,1,,1,0,,400,;
/*,87372259,*/,0,0,0,0,0,0,0,0,0,0,0,0,0,1,0,0,,0,0,0,,0,1,,1,0,,380,;
/*,87372300,*/,0,0,1,0,0,0,0,0,0,0,0,0,0,0,0,0,,1,0,0,,1,0,,1,0,,860,;
/*,87372302,*/,0,0,1,0,0,0,0,0,0,0,0,0,0,0,0,0,,0,0,0,,0,1,,1,0,,160,;
/*,87372307,*/,0,0,1,0,0,0,0,0,0,0,0,0,0,0,0,0,,1,0,0,,1,0,,1,0,,540,;
/*,87372307,*/,0,0,0,1,0,0,0,0,0,0,0,0,0,0,0,0,,0,1,0,,1,0,,1,0,,560,;
/*,87372342,*/,0,0,1,0,0,0,0,0,0,0,0,0,0,0,0,0,,1,0,0,,1,0,,1,0,,800,;
/*,87372342,*/,0,0,0,0,0,1,0,0,0,0,0,0,0,0,0,0,,0,1,0,,1,0,,1,0,,860,;
/*,87372342,*/,0,0,0,0,1,0,0,0,0,0,0,0,0,0,0,0,,0,1,0,,1,0,,0,1,,770,;
/*,87372372,*/,0,0,0,1,0,0,0,0,0,0,0,0,0,0,0,0,,0,0,0,,1,0,,1,0,,340,;
/*,87372372,*/,0,0,0,0,1,0,0,0,0,0,0,0,0,0,0,0,,1,0,0,,1,0,,0,1,,570,;
/*,87372372,*/,0,0,0,0,1,0,0,0,0,0,0,0,0,0,0,0,,1,0,0,,1,0,,0,1,,570,;
/*,87372380,*/,0,0,0,0,1,0,0,0,0,0,0,0,0,0,0,0,,0,1,0,,1,0,,0,1,,850,;
/*,87372528,*/,0,0,0,1,0,0,0,0,0,0,0,0,0,0,0,0,,1,0,0,,0,1,,1,0,,380,;
/*,87372530,*/,0,0,0,0,0,0,0,1,0,0,0,0,0,0,0,0,,0,1,0,,1,0,,1,0,,700,;
/*,87372530,*/,0,0,0,0,0,0,0,0,0,1,0,0,0,0,0,0,,0,1,0,,1,0,,1,0,,720,;
/*,87372530,*/,0,0,0,0,0,0,0,0,1,0,0,0,0,0,0,0,,0,1,0,,1,0,,0,1,,750,;
/*,87372534,*/,0,0,1,0,0,0,0,0,0,0,0,0,0,0,0,0,,1,0,0,,1,0,,1,0,,600,;
/*,87372536,*/,0,0,1,0,0,0,0,0,0,0,0,0,0,0,0,0,,1,0,0,,0,1,,1,0,,420,;
/*,87372536,*/,0,0,1,0,0,0,0,0,0,0,0,0,0,0,0,0,,1,0,0,,0,1,,1,0,,420,;
/*,87372544,*/,0,0,1,0,0,0,0,0,0,0,0,0,0,0,0,0,,0,1,0,,1,0,,1,0,,860,;
/*,87372544,*/,0,0,0,1,0,0,0,0,0,0,0,0,0,0,0,0,,0,1,0,,1,0,,1,0,,860,;
/*,87372544,*/,0,0,0,1,0,0,0,0,0,0,0,0,0,0,0,0,,0,1,0,,1,0,,1,0,,NA,;
/*,87372544,*/,0,0,0,1,0,0,0,0,0,0,0,0,0,0,0,0,,0,1,0,,1,0,,1,0,,NA,;
/*,87372568,*/,0,1,0,0,0,0,0,0,0,0,0,0,0,0,0,0,,0,0,0,,0,1,,1,0,,400,;
/*,87372568,*/,0,1,0,0,0,0,0,0,0,0,0,0,0,0,0,0,,1,0,0,,0,1,,1,0,,463.388099,;
/*,87372589,*/,0,0,0,1,0,0,0,0,0,0,0,0,0,0,0,0,,0,1,0,,0,1,,1,0,,400,;
/*,87372589,*/,0,0,0,0,0,1,0,0,0,0,0,0,0,0,0,0,,0,1,0,,0,1,,1,0,,500,;
/*,87372610,*/,0,0,1,0,0,0,0,0,0,0,0,0,0,0,0,0,,0,0,0,,0,1,,1,0,,120,;
/*,87372616,*/,0,0,1,0,0,0,0,0,0,0,0,0,0,0,0,0,,0,0,0,,1,0,,1,0,,220,;
/*,87372616,*/,0,0,1,0,0,0,0,0,0,0,0,0,0,0,0,0,,0,0,0,,1,0,,1,0,,220,;
/*,87372630,*/,0,0,1,0,0,0,0,0,0,0,0,0,0,0,0,0,,0,0,0,,1,0,,1,0,,260,;
/*,87372774,*/,0,0,1,0,0,0,0,0,0,0,0,0,0,0,0,0,,1,0,0,,1,0,,1,0,,650,;
/*,87372776,*/,0,0,0,1,0,0,0,0,0,0,0,0,0,0,0,0,,1,0,0,,1,0,,1,0,,620,;
/*,87372781,*/,0,0,1,0,0,0,0,0,0,0,0,0,0,0,0,0,,1,0,0,,0,1,,1,0,,420,;
/*,87372781,*/,0,0,1,0,0,0,0,0,0,0,0,0,0,0,0,0,,1,0,0,,0,1,,1,0,,448.847002,;
/*,87372781,*/,0,0,1,0,0,0,0,0,0,0,0,0,0,0,0,0,,1,0,0,,0,1,,1,0,,420,;
/*,87372784,*/,0,0,0,1,0,0,0,0,0,0,0,0,0,0,0,0,,1,0,0,,0,1,,1,0,,360,;
/*,87372784,*/,0,0,0,0,0,1,0,0,0,0,0,0,0,0,0,0,,1,0,0,,0,1,,1,0,,500,;
/*,87372809,*/,0,0,0,0,0,1,0,0,0,0,0,0,0,0,0,0,,1,0,0,,0,1,,1,0,,480,;
/*,87372809,*/,0,0,0,0,1,0,0,0,0,0,0,0,0,0,0,0,,0,1,0,,0,1,,0,1,,430,;
/*,87372809,*/,0,0,0,0,0,0,0,1,0,0,0,0,0,0,0,0,,0,1,0,,0,1,,1,0,,380,;
/*,87372809,*/,0,0,0,0,0,0,0,0,1,0,0,0,0,0,0,0,,0,1,0,,0,1,,0,1,,NA,;
/*,87372829,*/,0,0,0,1,0,0,0,0,0,0,0,0,0,0,0,0,,1,0,0,,1,0,,1,0,,580,;
/*,87372846,*/,0,0,1,0,0,0,0,0,0,0,0,0,0,0,0,0,,1,0,0,,1,0,,1,0,,640,;
/*,87372846,*/,0,0,0,0,1,0,0,0,0,0,0,0,0,0,0,0,,0,1,0,,1,0,,0,1,,860,;
/*,87372846,*/,0,0,0,0,0,0,0,0,1,0,0,0,0,0,0,0,,0,0,1,,1,0,,0,1,,850,;
/*,87372852,*/,0,0,1,0,0,0,0,0,0,0,0,0,0,0,0,0,,0,1,0,,0,1,,1,0,,440,;
/*,87372852,*/,0,0,1,0,0,0,0,0,0,0,0,0,0,0,0,0,,0,1,0,,0,1,,1,0,,440,;
/*,87372855,*/,0,0,1,0,0,0,0,0,0,0,0,0,0,0,0,0,,0,0,0,,1,0,,1,0,,220,;
/*,87372855,*/,0,0,0,0,0,1,0,0,0,0,0,0,0,0,0,0,,0,1,0,,0,1,,1,0,,460,;
/*,87372878,*/,0,0,0,0,0,0,0,1,0,0,0,0,0,0,0,0,,0,0,0,,1,0,,1,0,,360,;
/*,87372878,*/,0,0,0,0,0,0,0,0,1,0,0,0,0,0,0,0,,1,0,0,,1,0,,0,1,,NA,;
/*,87378554,*/,0,1,0,0,0,0,0,0,0,0,0,0,0,0,0,0,,1,0,0,,0,1,,1,0,,380,;
/*,87378554,*/,0,1,0,0,0,0,0,0,0,0,0,0,0,0,0,0,,1,0,0,,0,1,,1,0,,473.302483,;
/*,87378822,*/,0,0,0,0,0,0,0,1,0,0,0,0,0,0,0,0,,1,0,0,,0,1,,1,0,,400,;
/*,87379033,*/,0,0,0,0,0,0,0,1,0,0,0,0,0,0,0,0,,0,1,0,,0,1,,1,0,,620,;
/*,87379305,*/,0,0,1,0,0,0,0,0,0,0,0,0,0,0,0,0,,0,1,0,,0,1,,1,0,,420,;
/*,87380059,*/,0,0,0,0,0,1,0,0,0,0,0,0,0,0,0,0,,1,0,0,,1,0,,1,0,,600,;
/*,87380059,*/,0,0,0,0,0,1,0,0,0,0,0,0,0,0,0,0,,1,0,0,,1,0,,1,0,,570,;
/*,87380059,*/,0,0,0,0,0,1,0,0,0,0,0,0,0,0,0,0,,1,0,0,,1,0,,1,0,,550,;
/*,87380059,*/,0,0,0,0,1,0,0,0,0,0,0,0,0,0,0,0,,1,0,0,,1,0,,0,1,,540,;
/*,87380313,*/,0,0,0,1,0,0,0,0,0,0,0,0,0,0,0,0,,0,0,0,,0,1,,1,0,,240,;
/*,87380515,*/,0,0,0,0,0,0,0,1,0,0,0,0,0,0,0,0,,0,1,0,,1,0,,1,0,,640,;
/*,87380554,*/,0,0,0,0,0,0,0,1,0,0,0,0,0,0,0,0,,0,0,0,,0,1,,1,0,,260,;
/*,87380554,*/,0,0,0,0,0,0,0,0,1,0,0,0,0,0,0,0,,1,0,0,,0,1,,0,1,,460,;
/*,87380554,*/,0,0,0,0,0,0,0,0,0,0,0,1,0,0,0,0,,0,1,0,,0,1,,1,0,,540,;
/*,87380554,*/,0,0,0,0,0,0,0,0,0,0,0,1,0,0,0,0,,0,1,0,,0,1,,1,0,,NA,;
/*,87387554,*/,0,0,0,0,0,0,0,0,1,0,0,0,0,0,0,0,,1,0,0,,0,1,,0,1,,370,;
/*,87387554,*/,0,0,0,0,0,0,0,0,1,0,0,0,0,0,0,0,,1,0,0,,0,1,,0,1,,473,;
/*,87512825,*/,0,0,0,1,0,0,0,0,0,0,0,0,0,0,0,0,,1,0,0,,1,0,,1,0,,660,;
/*,87512825,*/,0,0,0,0,1,0,0,0,0,0,0,0,0,0,0,0,,0,1,0,,1,0,,0,1,,740,;
/*,87512881,*/,0,0,1,0,0,0,0,0,0,0,0,0,0,0,0,0,,0,0,0,,1,0,,1,0,,160,;
/*,87512881,*/,0,0,1,0,0,0,0,0,0,0,0,0,0,0,0,0,,0,0,0,,1,0,,1,0,,160,;
/*,87512881,*/,0,0,1,0,0,0,0,0,0,0,0,0,0,0,0,0,,0,0,0,,1,0,,1,0,,160,;
/*,87512881,*/,0,0,1,0,0,0,0,0,0,0,0,0,0,0,0,0,,0,0,0,,1,0,,1,0,,160,;
/*,87512881,*/,0,0,1,0,0,0,0,0,0,0,0,0,0,0,0,0,,0,0,0,,1,0,,1,0,,160,;
/*,87513069,*/,0,1,0,0,0,0,0,0,0,0,0,0,0,0,0,0,,0,0,0,,1,0,,1,0,,180,;
/*,87513069,*/,0,1,0,0,0,0,0,0,0,0,0,0,0,0,0,0,,1,0,0,,1,0,,1,0,,458.100427,;
/*,87513076,*/,0,0,1,0,0,0,0,0,0,0,0,0,0,0,0,0,,0,1,0,,1,0,,1,0,,840,;
/*,87513084,*/,0,1,0,0,0,0,0,0,0,0,0,0,0,0,0,0,,1,0,0,,1,0,,1,0,,540,;
/*,87513084,*/,0,1,0,0,0,0,0,0,0,0,0,0,0,0,0,0,,1,0,0,,1,0,,1,0,,458.761386,;
/*,87513092,*/,0,1,0,0,0,0,0,0,0,0,0,0,0,0,0,0,,0,0,0,,0,1,,1,0,,240,;
/*,87513092,*/,0,1,0,0,0,0,0,0,0,0,0,0,0,0,0,0,,1,0,0,,0,1,,1,0,,471.980565,;
/*,87513092,*/,0,0,0,0,0,0,0,0,0,1,0,0,0,0,0,0,,0,1,0,,1,0,,1,0,,620,;
/*,87513092,*/,0,0,0,0,0,0,0,0,1,0,0,0,0,0,0,0,,0,1,0,,1,0,,0,1,,350,;
/*,87513092,*/,0,0,0,0,0,0,0,0,1,0,0,0,0,0,0,0,,0,1,0,,1,0,,0,1,,370,;
/*,87513092,*/,0,0,0,0,0,0,0,0,1,0,0,0,0,0,0,0,,0,1,0,,1,0,,0,1,,370,;
/*,87513092,*/,0,0,0,0,0,0,0,0,1,0,0,0,0,0,0,0,,0,1,0,,1,0,,0,1,,370,;
/*,87513287,*/,0,0,1,0,0,0,0,0,0,0,0,0,0,0,0,0,,1,0,0,,1,0,,1,0,,640,;
/*,87513287,*/,0,0,1,0,0,0,0,0,0,0,0,0,0,0,0,0,,1,0,0,,1,0,,1,0,,640,;
/*,87513287,*/,0,0,1,0,0,0,0,0,0,0,0,0,0,0,0,0,,1,0,0,,1,0,,1,0,,455.456591,;
/*,87513287,*/,0,0,1,0,0,0,0,0,0,0,0,0,0,0,0,0,,1,0,0,,1,0,,1,0,,454.795632,;
/*,87513287,*/,0,0,0,1,0,0,0,0,0,0,0,0,0,0,0,0,,0,1,0,,1,0,,1,0,,680,;
/*,87513287,*/,0,0,0,1,0,0,0,0,0,0,0,0,0,0,0,0,,1,0,0,,1,0,,1,0,,454.134673,;
/*,87513287,*/,0,0,0,0,1,0,0,0,0,0,0,0,0,0,0,0,,0,1,0,,1,0,,0,1,,780,;
/*,87513287,*/,0,0,0,0,1,0,0,0,0,0,0,0,0,0,0,0,,1,0,0,,1,0,,0,1,,453.473714,;
/*,87513361,*/,0,1,0,0,0,0,0,0,0,0,0,0,0,0,0,0,,1,0,0,,0,1,,1,0,,360,;
/*,87513361,*/,0,1,0,0,0,0,0,0,0,0,0,0,0,0,0,0,,1,0,0,,0,1,,1,0,,466.692893,;
/*,87513361,*/,0,1,0,0,0,0,0,0,0,0,0,0,0,0,0,0,,1,0,0,,0,1,,1,0,,340,;
/*,87513361,*/,0,1,0,0,0,0,0,0,0,0,0,0,0,0,0,0,,1,0,0,,0,1,,1,0,,466.031934,;
/*,87514262,*/,0,0,1,0,0,0,0,0,0,0,0,0,0,0,0,0,,1,0,0,,1,0,,1,0,,570,;
/*,87514266,*/,0,1,0,0,0,0,0,0,0,0,0,0,0,0,0,0,,1,0,0,,1,0,,1,0,,600,;
/*,87514266,*/,0,1,0,0,0,0,0,0,0,0,0,0,0,0,0,0,,1,0,0,,1,0,,1,0,,471.319606,;
/*,87514266,*/,0,0,0,0,0,0,0,0,0,1,0,0,0,0,0,0,,0,1,0,,1,0,,1,0,,760,;
/*,87514266,*/,0,0,0,0,0,0,0,0,0,1,0,0,0,0,0,0,,1,0,0,,1,0,,1,0,,471,;
/*,87514266,*/,0,0,0,0,0,0,0,0,1,0,0,0,0,0,0,0,,1,0,0,,1,0,,0,1,,700,;
/*,87514266,*/,0,0,0,0,0,0,0,0,1,0,0,0,0,0,0,0,,1,0,0,,1,0,,0,1,,700,;
/*,87514272,*/,0,1,0,0,0,0,0,0,0,0,0,0,0,0,0,0,,0,0,1,,0,1,,1,0,,430,;
/*,87514272,*/,0,1,0,0,0,0,0,0,0,0,0,0,0,0,0,0,,1,0,0,,0,1,,1,0,,462.72714,;
/*,87514286,*/,0,0,1,0,0,0,0,0,0,0,0,0,0,0,0,0,,1,0,0,,1,0,,1,0,,580,;
/*,87514286,*/,0,0,1,0,0,0,0,0,0,0,0,0,0,0,0,0,,1,0,0,,1,0,,1,0,,580,;
/*,87514286,*/,0,0,0,1,0,0,0,0,0,0,0,0,0,0,0,0,,0,1,0,,1,0,,1,0,,720,;
/*,87514286,*/,0,0,0,0,1,0,0,0,0,0,0,0,0,0,0,0,,0,1,0,,1,0,,0,1,,710,;
/*,87514312,*/,0,0,0,0,0,1,0,0,0,0,0,0,0,0,0,0,,0,0,1,,0,1,,1,0,,530,;
/*,87514312,*/,0,0,0,0,1,0,0,0,0,0,0,0,0,0,0,0,,0,1,0,,0,1,,0,1,,540,;
/*,87514364,*/,0,0,1,0,0,0,0,0,0,0,0,0,0,0,0,0,,0,0,0,,0,1,,1,0,,260,;
/*,87514364,*/,0,0,1,0,0,0,0,0,0,0,0,0,0,0,0,0,,0,0,0,,0,1,,1,0,,260,;
/*,87514364,*/,0,0,1,0,0,0,0,0,0,0,0,0,0,0,0,0,,0,0,0,,0,1,,1,0,,160,;
/*,87514364,*/,0,0,0,0,1,0,0,0,0,0,0,0,0,0,0,0,,0,1,0,,0,1,,0,1,,420,;
/*,87523773,*/,0,1,0,0,0,0,0,0,0,0,0,0,0,0,0,0,,1,0,0,,1,0,,1,0,,420,;
/*,87523773,*/,0,1,0,0,0,0,0,0,0,0,0,0,0,0,0,0,,1,0,0,,1,0,,1,0,,457.439468,;
/*,87524044,*/,0,0,1,0,0,0,0,0,0,0,0,0,0,0,0,0,,1,0,0,,1,0,,1,0,,650,;
/*,87524044,*/,0,0,0,0,1,0,0,0,0,0,0,0,0,0,0,0,,0,1,0,,1,0,,0,1,,730,;
/*,87527344,*/,0,1,0,0,0,0,0,0,0,0,0,0,0,0,0,0,,0,0,0,,1,0,,1,0,,220,;
/*,87527344,*/,0,1,0,0,0,0,0,0,0,0,0,0,0,0,0,0,,1,0,0,,1,0,,1,0,,469.997688,;
/*,87529283,*/,0,0,1,0,0,0,0,0,0,0,0,0,0,0,0,0,,1,0,0,,0,1,,1,0,,320,;
/*,87529283,*/,0,0,0,0,0,0,0,0,0,0,0,1,0,0,0,0,,0,0,1,,0,1,,1,0,,350,;
/*,87529529,*/,0,1,0,0,0,0,0,0,0,0,0,0,0,0,0,0,,0,0,1,,0,1,,1,0,,400,;
/*,87529529,*/,0,1,0,0,0,0,0,0,0,0,0,0,0,0,0,0,,0,0,1,,0,1,,1,0,,320,;
/*,87529529,*/,0,1,0,0,0,0,0,0,0,0,0,0,0,0,0,0,,1,0,0,,0,1,,1,0,,462.066181,;
/*,87529529,*/,0,1,0,0,0,0,0,0,0,0,0,0,0,0,0,0,,1,0,0,,0,1,,1,0,,461.405222,;
/*,87530050,*/,0,0,1,0,0,0,0,0,0,0,0,0,0,0,0,0,,1,0,0,,1,0,,1,0,,660,;
/*,87530050,*/,0,0,1,0,0,0,0,0,0,0,0,0,0,0,0,0,,1,0,0,,1,0,,1,0,,660,;
/*,87530050,*/,0,0,0,1,0,0,0,0,0,0,0,0,0,0,0,0,,0,1,0,,1,0,,1,0,,720,;
/*,87530054,*/,0,0,0,1,0,0,0,0,0,0,0,0,0,0,0,0,,1,0,0,,0,1,,1,0,,400,;
/*,87530054,*/,0,0,0,1,0,0,0,0,0,0,0,0,0,0,0,0,,1,0,0,,0,1,,1,0,,360,;
/*,87530054,*/,0,0,0,1,0,0,0,0,0,0,0,0,0,0,0,0,,1,0,0,,0,1,,1,0,,380,;
/*,87530084,*/,0,1,0,0,0,0,0,0,0,0,0,0,0,0,0,0,,1,0,0,,1,0,,1,0,,610,;
/*,87530084,*/,0,1,0,0,0,0,0,0,0,0,0,0,0,0,0,0,,1,0,0,,1,0,,1,0,,465.370975,;
/*,87530093,*/,0,0,1,0,0,0,0,0,0,0,0,0,0,0,0,0,,1,0,0,,0,1,,1,0,,440,;
/*,87530093,*/,0,0,1,0,0,0,0,0,0,0,0,0,0,0,0,0,,1,0,0,,0,1,,1,0,,452.812755,;
/*,87530093,*/,0,0,1,0,0,0,0,0,0,0,0,0,0,0,0,0,,1,0,0,,0,1,,1,0,,540,;
/*,87530093,*/,0,0,1,0,0,0,0,0,0,0,0,0,0,0,0,0,,1,0,0,,0,1,,1,0,,452.151796,;
/*,87530093,*/,0,0,1,0,0,0,0,0,0,0,0,0,0,0,0,0,,1,0,0,,0,1,,1,0,,540,;
/*,87530093,*/,0,0,1,0,0,0,0,0,0,0,0,0,0,0,0,0,,1,0,0,,0,1,,1,0,,451.490837,;
/*,87530093,*/,0,0,1,0,0,0,0,0,0,0,0,0,0,0,0,0,,1,0,0,,0,1,,1,0,,440,;
/*,87530093,*/,0,0,1,0,0,0,0,0,0,0,0,0,0,0,0,0,,1,0,0,,0,1,,1,0,,450.829878,;
/*,87530306,*/,0,0,0,0,1,0,0,0,0,0,0,0,0,0,0,0,,1,0,0,,1,0,,0,1,,800,;
/*,87530524,*/,0,0,0,0,0,1,0,0,0,0,0,0,0,0,0,0,,0,0,1,,1,0,,1,0,,760,;
/*,87530529,*/,0,0,0,1,0,0,0,0,0,0,0,0,0,0,0,0,,0,1,0,,1,0,,1,0,,700,;
/*,87530529,*/,0,0,0,1,0,0,0,0,0,0,0,0,0,0,0,0,,0,1,0,,1,0,,1,0,,700,;
/*,87530529,*/,0,0,0,0,0,0,0,0,0,1,0,0,0,0,0,0,,1,0,0,,0,1,,1,0,,440,;
/*,87530529,*/,0,0,0,0,0,0,0,0,1,0,0,0,0,0,0,0,,1,0,0,,0,1,,0,1,,370,;
/*,87530529,*/,0,0,0,0,0,0,0,0,1,0,0,0,0,0,0,0,,1,0,0,,0,1,,0,1,,360,;
/*,87530529,*/,0,0,0,0,0,0,0,0,0,0,0,1,0,0,0,0,,1,0,0,,0,1,,1,0,,NA,;
/*,87530529,*/,0,0,0,0,0,0,0,0,0,0,0,0,0,1,0,0,,0,1,0,,0,1,,1,0,,460,;
/*,87530529,*/,0,0,0,0,0,0,0,0,0,0,0,0,0,0,0,1,,1,0,0,,0,1,,1,0,,500,;
/*,87530625,*/,0,0,1,0,0,0,0,0,0,0,0,0,0,0,0,0,,0,1,0,,1,0,,1,0,,620,;
/*,87530625,*/,0,0,0,1,0,0,0,0,0,0,0,0,0,0,0,0,,0,1,0,,1,0,,1,0,,640,;
/*,7FBO34D63,*/,0,1,0,0,0,0,0,0,0,0,0,0,0,0,0,0,,0,0,1,,0,1,,1,0,,380,;
/*,7FBO34D64,*/,0,1,0,0,0,0,0,0,0,0,0,0,0,0,0,0,,1,0,0,,0,1,,1,0,,469.336729,;
